{"epoch": [0, 0, 1, 1, 2, 2, 3, 3, 4, 4, 5, 5, 6, 6, 7, 7, 8, 8, 9, 9], "loss": [2.268073465778375, 2.2181187540229197, 2.1834415581180595, 2.1506413727172657, 2.1187908837536, 2.1018799632342895, 2.09878661891799, 2.095911004650059, 2.0930745891416507, 2.0902023173090236], "sec": [7.714174747467041, 1.203650712966919, 7.4644811153411865, 1.1495275497436523, 7.452143907546997, 1.153498649597168, 7.430647611618042, 1.1166486740112305, 7.462514877319336, 1.0991907119750977, 7.51408839225769, 1.1148524284362793, 7.467875003814697, 1.1163911819458008, 7.562630653381348, 1.1378650665283203, 7.470707893371582, 1.1390156745910645, 7.542076587677002, 1.0728657245635986], "lr": [0.0001, -1.0, 0.0001, -1.0, 0.0001, -1.0, 0.0001, -1.0, 0.0001, -1.0, 1e-05, -1.0, 1e-05, -1.0, 1e-05, -1.0, 1e-05, -1.0, 1e-05, -1.0], "acc": [0.18623333333333333, 0.24118333333333333, 0.2563666666666667, 0.2654666666666667, 0.27031666666666665, 0.2818833333333333, 0.2822, 0.28273333333333334, 0.28481666666666666, 0.2844333333333333], "er": [81.37666666666667, 75.88166666666667, 74.36333333333334, 73.45333333333332, 72.96833333333333, 71.81166666666667, 71.78, 71.72666666666667, 71.51833333333333, 71.55666666666667], "val_loss": [2.2380728087847745, 2.1984058150762245, 2.165104283562189, 2.1316620337812204, 2.100254046766064, 2.0969384953945496, 2.0945461249049706, 2.0913828958438923, 2.0882868404629864, 2.085637762576719], "val_acc": [0.2356, 0.2505, 0.2649, 0.2674, 0.2833, 0.282, 0.2825, 0.2836, 0.2841, 0.2858], "val_er": [76.44, 74.95, 73.50999999999999, 73.25999999999999, 71.67, 71.8, 71.75, 71.63999999999999, 71.59, 71.41999999999999]}