{"epoch": [0, 0, 1, 1, 2, 2, 3, 3, 4, 4, 5, 5, 6, 6, 7, 7, 8, 8, 9, 9], "loss": [2.120751467086613, 2.0473034841927893, 2.005147874482405, 1.94551875240513, 1.8800521590816441, 1.8415972884021587, 1.8366083425245305, 1.8298296981783055, 1.824043121673405, 1.8185744943903452], "sec": [7.268020391464233, 1.085362434387207, 7.160612106323242, 1.0797450542449951, 7.102909564971924, 1.1077282428741455, 7.243019342422485, 1.0838463306427002, 7.1985924243927, 1.0899908542633057, 7.224272012710571, 1.103959321975708, 7.234921216964722, 1.089433193206787, 7.227752447128296, 1.0979161262512207, 7.1206512451171875, 1.0993874073028564, 7.176508665084839, 1.1044683456420898], "lr": [0.001, -1.0, 0.001, -1.0, 0.001, -1.0, 0.001, -1.0, 0.001, -1.0, 0.0001, -1.0, 0.0001, -1.0, 0.0001, -1.0, 0.0001, -1.0, 0.0001, -1.0], "acc": [0.21246666666666666, 0.2544, 0.28335, 0.31428333333333336, 0.33405, 0.3482166666666667, 0.35246666666666665, 0.35286666666666666, 0.3538, 0.35546666666666665], "er": [78.75333333333333, 74.56, 71.665, 68.57166666666666, 66.595, 65.17833333333334, 64.75333333333333, 64.71333333333334, 64.62, 64.45333333333335], "val_loss": [2.0612731477882287, 2.027792263634597, 1.9749395183370084, 1.9092655649668053, 1.8459072988244551, 1.8383801405942892, 1.8340154041217853, 1.826888719691506, 1.8213530718525754, 1.8153140529801575], "val_acc": [0.2303, 0.2645, 0.3033, 0.3197, 0.3505, 0.351, 0.3556, 0.3562, 0.3555, 0.3581], "val_er": [76.97, 73.55000000000001, 69.67, 68.03, 64.95, 64.9, 64.44, 64.38, 64.45, 64.19]}