{"epoch": [0, 0, 1, 1, 2, 2, 3, 3, 4, 4, 5, 5, 6, 6, 7, 7, 8, 8, 9, 9], "loss": [1.998033135938746, 1.5839168786494209, 1.2773638991658876, 1.0595664922108274, 0.9120797631837158, 0.8438997642317815, 0.8329178500277147, 0.8230631736549996, 0.8141269784238039, 0.8053848324045698], "sec": [7.530931711196899, 1.109100580215454, 7.568926811218262, 1.1434447765350342, 7.584425210952759, 1.1392402648925781, 7.634355306625366, 1.140629529953003, 7.532014846801758, 1.1010642051696777, 7.5403125286102295, 1.1289312839508057, 7.586566209793091, 1.126009225845337, 7.514936208724976, 1.1025714874267578, 7.552832841873169, 1.1775813102722168, 7.470836162567139, 1.1153514385223389], "lr": [0.001, -1.0, 0.001, -1.0, 0.001, -1.0, 0.001, -1.0, 0.001, -1.0, 0.0001, -1.0, 0.0001, -1.0, 0.0001, -1.0, 0.0001, -1.0, 0.0001, -1.0], "acc": [0.40015, 0.6139166666666667, 0.7078166666666666, 0.7584833333333333, 0.78295, 0.7991666666666667, 0.8019, 0.8047333333333333, 0.8050833333333334, 0.8065333333333333], "er": [59.985, 38.608333333333334, 29.218333333333334, 24.15166666666667, 21.705, 20.083333333333332, 19.810000000000006, 19.52666666666667, 19.491666666666664, 19.346666666666668], "val_loss": [1.7597362361376798, 1.3938756079613408, 1.1310504327846478, 0.9441225151472454, 0.8286287746851957, 0.8018598405620719, 0.7939473111418229, 0.781320485133159, 0.775027404103098, 0.7648888449125653], "val_acc": [0.5403, 0.6365, 0.7437, 0.7747, 0.8093, 0.818, 0.8186, 0.8179, 0.8248, 0.8208], "val_er": [45.97, 36.35, 25.629999999999995, 22.529999999999994, 19.069999999999997, 18.200000000000006, 18.14, 18.210000000000004, 17.520000000000003, 17.92]}