{"epoch": [0, 0, 1, 1, 2, 2, 3, 3, 4, 4, 5, 5, 6, 6, 7, 7, 8, 8, 9, 9], "loss": [2.117836012514924, 1.8617559007998468, 1.692376486273971, 1.5694396157762898, 1.4782005487474552, 1.4323253293535603, 1.424379193198198, 1.41728496093994, 1.4116016720403741, 1.4044917016141196], "sec": [7.492974519729614, 1.1285839080810547, 7.523437976837158, 1.1495661735534668, 7.4338343143463135, 1.1325607299804688, 7.5390942096710205, 1.132685661315918, 7.480720043182373, 1.110689401626587, 7.42707085609436, 1.1027369499206543, 7.461455583572388, 1.1371073722839355, 7.4416468143463135, 1.1299405097961426, 7.525035619735718, 1.130692720413208, 7.392077922821045, 1.0817170143127441], "lr": [0.001, -1.0, 0.001, -1.0, 0.001, -1.0, 0.001, -1.0, 0.001, -1.0, 0.0001, -1.0, 0.0001, -1.0, 0.0001, -1.0, 0.0001, -1.0, 0.0001, -1.0], "acc": [0.2683, 0.3807333333333333, 0.44433333333333336, 0.48165, 0.5103, 0.5286, 0.5336166666666666, 0.53565, 0.5387, 0.5399166666666667], "er": [73.17, 61.92666666666666, 55.56666666666666, 51.835, 48.97, 47.14, 46.638333333333335, 46.435, 46.13, 46.008333333333326], "val_loss": [1.9618222019340419, 1.7605551149271712, 1.610821094694017, 1.4995368930357922, 1.4218542787093151, 1.4098430238192594, 1.4022480460661877, 1.3954785835893848, 1.3866150062295455, 1.381383118750174], "val_acc": [0.3191, 0.4417, 0.4816, 0.5049, 0.5326, 0.5473, 0.5496, 0.5503, 0.5481, 0.5538], "val_er": [68.09, 55.83, 51.839999999999996, 49.51, 46.74, 45.269999999999996, 45.04, 44.97, 45.19, 44.620000000000005]}