{"epoch": [0, 0, 1, 1, 2, 2, 3, 3, 4, 4, 5, 5, 6, 6, 7, 7, 8, 8, 9, 9], "loss": [2.1206740013826124, 1.8750166946382665, 1.7019918564794414, 1.5770363101064524, 1.4833647846413065, 1.4373067653001244, 1.4293815769366365, 1.4221913656954572, 1.4156753467852627, 1.4086223962718745], "sec": [7.923814535140991, 1.094712495803833, 7.513805866241455, 1.1180217266082764, 7.582551717758179, 1.1443097591400146, 7.6233673095703125, 1.1525135040283203, 7.436607122421265, 1.1041312217712402, 7.587021589279175, 1.1304783821105957, 7.511958122253418, 1.144197940826416, 7.551388740539551, 1.1332452297210693, 7.482083559036255, 1.111147403717041, 7.482992887496948, 1.1571874618530273], "lr": [0.001, -1.0, 0.001, -1.0, 0.001, -1.0, 0.001, -1.0, 0.001, -1.0, 0.0001, -1.0, 0.0001, -1.0, 0.0001, -1.0, 0.0001, -1.0, 0.0001, -1.0], "acc": [0.27193333333333336, 0.3696333333333333, 0.43473333333333336, 0.4734833333333333, 0.50345, 0.5224166666666666, 0.5254333333333333, 0.5272666666666667, 0.5303333333333333, 0.5314666666666666], "er": [72.80666666666666, 63.036666666666676, 56.52666666666666, 52.65166666666667, 49.655, 47.75833333333333, 47.45666666666667, 47.27333333333333, 46.96666666666667, 46.85333333333334], "val_loss": [1.9751074978067904, 1.769916750207732, 1.6148805150502845, 1.5126728241956686, 1.4232427545740634, 1.4142107676856126, 1.4093005732644963, 1.4005495898331268, 1.393149049976204, 1.3875477329085144], "val_acc": [0.3316, 0.4202, 0.4657, 0.4954, 0.535, 0.5331, 0.537, 0.5376, 0.5395, 0.5429], "val_er": [66.84, 57.98, 53.43, 50.459999999999994, 46.5, 46.69, 46.3, 46.24, 46.050000000000004, 45.709999999999994]}