{"epoch": [0, 0, 1, 1, 2, 2, 3, 3, 4, 4, 5, 5, 6, 6, 7, 7, 8, 8, 9, 9], "loss": [1.8845130728760253, 1.3862037994205825, 1.054364273924309, 0.8569952010600044, 0.7348979711532593, 0.6777972373118533, 0.6690377699795054, 0.6612147889665957, 0.6533758269190025, 0.6461894531875277], "sec": [7.888568639755249, 1.1505241394042969, 7.546836614608765, 1.1641285419464111, 7.58255410194397, 1.2019317150115967, 7.474283695220947, 1.1671438217163086, 7.4766645431518555, 1.2252230644226074, 7.521119594573975, 1.1787753105163574, 7.562375068664551, 1.1785190105438232, 7.543799161911011, 1.20444917678833, 7.539169073104858, 1.1895227432250977, 7.63541054725647, 1.201326608657837], "lr": [0.001, -1.0, 0.001, -1.0, 0.001, -1.0, 0.001, -1.0, 0.001, -1.0, 0.0001, -1.0, 0.0001, -1.0, 0.0001, -1.0, 0.0001, -1.0, 0.0001, -1.0], "acc": [0.43373333333333336, 0.67095, 0.7596166666666667, 0.79925, 0.8227166666666667, 0.8353, 0.8377333333333333, 0.8385666666666667, 0.84145, 0.8421166666666666], "er": [56.62666666666667, 32.904999999999994, 24.038333333333327, 20.075, 17.728333333333335, 16.469999999999995, 16.226666666666667, 16.14333333333333, 15.854999999999997, 15.788333333333338], "val_loss": [1.5957111784174471, 1.1595273636564423, 0.8997331042832966, 0.7616969143288045, 0.6508237768577624, 0.6361765491811535, 0.6290219060227841, 0.6203688345377958, 0.612439827451223, 0.6084390350534946], "val_acc": [0.5597, 0.7376, 0.81, 0.812, 0.8338, 0.8479, 0.8496, 0.8527, 0.8504, 0.855], "val_er": [44.03, 26.239999999999995, 18.999999999999993, 18.799999999999994, 16.62, 15.21, 15.039999999999997, 14.729999999999999, 14.959999999999996, 14.500000000000002]}