{"epoch": [0, 0, 1, 1, 2, 2, 3, 3, 4, 4, 5, 5, 6, 6, 7, 7, 8, 8, 9, 9], "loss": [2.2660952559920515, 2.2190615246290846, 2.1847192956440487, 2.151901842434523, 2.1205170276576775, 2.103611959323192, 2.1006430705218935, 2.0979635568061616, 2.094974282962173, 2.0922226275462332], "sec": [7.548291444778442, 1.130540132522583, 7.524526834487915, 1.1076276302337646, 7.434275388717651, 1.1118981838226318, 7.492111921310425, 1.1493349075317383, 7.605855941772461, 1.1437804698944092, 7.477915287017822, 1.1396293640136719, 7.572027206420898, 1.1355712413787842, 7.572254657745361, 1.1362082958221436, 7.569122791290283, 1.1186072826385498, 7.549274682998657, 1.096933364868164], "lr": [0.0001, -1.0, 0.0001, -1.0, 0.0001, -1.0, 0.0001, -1.0, 0.0001, -1.0, 1e-05, -1.0, 1e-05, -1.0, 1e-05, -1.0, 1e-05, -1.0, 1e-05, -1.0], "acc": [0.1613, 0.23196666666666665, 0.2535833333333333, 0.2593, 0.2655166666666667, 0.27121666666666666, 0.27086666666666664, 0.2715666666666667, 0.2731, 0.2736], "er": [83.87, 76.80333333333334, 74.64166666666668, 74.07000000000001, 73.44833333333334, 72.87833333333333, 72.91333333333334, 72.84333333333333, 72.69, 72.63999999999999], "val_loss": [2.2359728209580045, 2.199836794334122, 2.1649066013625906, 2.1325263252741173, 2.1015812173674377, 2.0981348677526546, 2.0960953507242324, 2.092583958106705, 2.0895230770111084, 2.086766734907899], "val_acc": [0.1988, 0.2425, 0.2517, 0.2569, 0.2641, 0.2662, 0.2643, 0.2689, 0.2683, 0.2714], "val_er": [80.12, 75.75, 74.83, 74.31, 73.59, 73.38, 73.57000000000001, 73.11000000000001, 73.17, 72.86]}