{"epoch": [0, 0, 1, 1, 2, 2, 3, 3, 4, 4, 5, 5, 6, 6, 7, 7, 8, 8, 9, 9], "loss": [2.150089349065508, 2.073626458771956, 2.063446507016733, 2.060829643501656, 2.058595047576595, 2.057031938262077, 2.056109134576468, 2.05617303888935, 2.056211401912958, 2.056643742488137], "sec": [7.352186679840088, 1.160423755645752, 7.191072463989258, 1.1503105163574219, 7.36982274055481, 1.1138050556182861, 7.276617050170898, 1.1211237907409668, 7.368012428283691, 1.114776849746704, 7.180736303329468, 1.1129074096679688, 7.421705484390259, 1.1964623928070068, 7.239620923995972, 1.125392198562622, 7.242569208145142, 1.130847692489624, 7.3037402629852295, 1.1304495334625244], "lr": [0.001, -1.0, 0.001, -1.0, 0.001, -1.0, 0.001, -1.0, 0.001, -1.0, 0.0001, -1.0, 0.0001, -1.0, 0.0001, -1.0, 0.0001, -1.0, 0.0001, -1.0], "acc": [0.19876666666666667, 0.2244, 0.22955, 0.23051666666666668, 0.23435, 0.23348333333333332, 0.23436666666666667, 0.23451666666666668, 0.23473333333333332, 0.2337], "er": [80.12333333333333, 77.56, 77.045, 76.94833333333332, 76.565, 76.65166666666667, 76.56333333333333, 76.54833333333333, 76.52666666666667, 76.63], "val_loss": [2.0834720843954933, 2.0622266470631465, 2.0584308965296687, 2.0564944397045086, 2.0547083480448665, 2.0550572932521, 2.053069952168042, 2.053540601006037, 2.054708939564379, 2.0533027845092966], "val_acc": [0.2092, 0.2207, 0.2246, 0.2253, 0.2259, 0.2262, 0.2253, 0.226, 0.2246, 0.2249], "val_er": [79.08, 77.92999999999999, 77.53999999999999, 77.47, 77.41, 77.38000000000001, 77.47, 77.4, 77.53999999999999, 77.51]}