{"epoch": [0, 0, 1, 1, 2, 2, 3, 3, 4, 4, 5, 5, 6, 6, 7, 7, 8, 8, 9, 9], "loss": [2.157769360013608, 2.070731644691435, 2.044599881050175, 2.0188532053534662, 1.984555602327847, 1.9587956712698378, 1.9545843713064945, 1.949063937801288, 1.9441816242518963, 1.9393431588784973], "sec": [7.227090120315552, 1.1015875339508057, 7.113075256347656, 1.0711426734924316, 7.117192268371582, 1.1026322841644287, 7.154160499572754, 1.1081347465515137, 7.152130365371704, 1.1070733070373535, 7.142062425613403, 1.1200220584869385, 7.136415481567383, 1.1115307807922363, 7.21354866027832, 1.1060433387756348, 7.141182899475098, 1.0732815265655518, 7.108333349227905, 1.0328476428985596], "lr": [0.001, -1.0, 0.001, -1.0, 0.001, -1.0, 0.001, -1.0, 0.001, -1.0, 0.0001, -1.0, 0.0001, -1.0, 0.0001, -1.0, 0.0001, -1.0, 0.0001, -1.0], "acc": [0.19826666666666667, 0.23485, 0.2499, 0.2777833333333333, 0.29788333333333333, 0.3080833333333333, 0.3106333333333333, 0.3141333333333333, 0.3160833333333333, 0.31633333333333336], "er": [80.17333333333333, 76.515, 75.01, 72.22166666666668, 70.21166666666667, 69.19166666666668, 68.93666666666667, 68.58666666666666, 68.39166666666668, 68.36666666666666], "val_loss": [2.085683226585388, 2.051413530035864, 2.032049622716783, 2.0009734268429913, 1.9620224886302706, 1.954353340064423, 1.9499131848540487, 1.9453300811067413, 1.940622017353396, 1.9353041377248643], "val_acc": [0.2282, 0.2295, 0.2609, 0.2746, 0.2996, 0.3031, 0.3056, 0.3081, 0.3084, 0.3083], "val_er": [77.18, 77.05, 73.91, 72.54, 70.04, 69.69000000000001, 69.44, 69.19, 69.16, 69.17]}