{"epoch": [0, 0, 1, 1, 2, 2, 3, 3, 4, 4, 5, 5, 6, 6, 7, 7, 8, 8, 9, 9], "loss": [1.593620164562136, 0.9416627784781872, 0.622426444978348, 0.4472790503425639, 0.34247746682370395, 0.2934185415824085, 0.2862681479278658, 0.27921134100031497, 0.2720523056889902, 0.2648870544011659], "sec": [9.0357825756073, 1.2462222576141357, 9.326304912567139, 1.336092472076416, 9.386923789978027, 1.4639308452606201, 9.623321771621704, 1.3267812728881836, 9.340399742126465, 1.289363145828247, 9.413133144378662, 1.2384448051452637, 9.537429332733154, 1.3409433364868164, 9.457813739776611, 1.2856175899505615, 9.523863315582275, 1.2940549850463867, 8.14422869682312, 1.223928689956665], "lr": [0.0001, -1.0, 0.0001, -1.0, 0.0001, -1.0, 0.0001, -1.0, 0.0001, -1.0, 1e-05, -1.0, 1e-05, -1.0, 1e-05, -1.0, 1e-05, -1.0, 1e-05, -1.0], "acc": [0.6691333333333334, 0.8962333333333333, 0.93005, 0.9436166666666667, 0.9525333333333333, 0.9586, 0.9585833333333333, 0.9592666666666667, 0.96005, 0.9610833333333333], "er": [33.086666666666666, 10.376666666666667, 6.994999999999996, 5.638333333333334, 4.746666666666666, 4.139999999999999, 4.141666666666666, 4.073333333333329, 3.995000000000004, 3.891666666666671], "val_loss": [1.1449831927878946, 0.7245425359357761, 0.48528724003441726, 0.35987637748446644, 0.28484794912458977, 0.2662088570149639, 0.2578893096386632, 0.2511869237015519, 0.24565039641117747, 0.2376513280257394], "val_acc": [0.8703, 0.9249, 0.9459, 0.9554, 0.9619, 0.9658, 0.9676, 0.9664, 0.9673, 0.9686], "val_er": [12.970000000000004, 7.5099999999999945, 5.410000000000004, 4.459999999999997, 3.8100000000000023, 3.420000000000001, 3.2399999999999984, 3.3599999999999963, 3.269999999999995, 3.1399999999999983]}