{"epoch": [0, 0, 1, 1, 2, 2, 3, 3, 4, 4, 5, 5, 6, 6, 7, 7, 8, 8, 9, 9], "loss": [2.192437310716999, 2.0936839161142866, 2.0705263741743334, 2.064482967482447, 2.063261559522991, 2.061842704124288, 2.061606038353845, 2.0619014778625226, 2.0606635244670453, 2.0611427419983754], "sec": [7.221576452255249, 1.1136224269866943, 7.155222177505493, 1.0956835746765137, 7.280884504318237, 1.097170352935791, 7.221031427383423, 1.1354985237121582, 7.242257833480835, 1.114095687866211, 7.3189966678619385, 1.0937433242797852, 7.23953914642334, 1.1252408027648926, 7.220769882202148, 1.116119146347046, 7.192924976348877, 1.0941333770751953, 7.274805068969727, 1.115633249282837], "lr": [0.001, -1.0, 0.001, -1.0, 0.001, -1.0, 0.001, -1.0, 0.001, -1.0, 0.0001, -1.0, 0.0001, -1.0, 0.0001, -1.0, 0.0001, -1.0, 0.0001, -1.0], "acc": [0.18538333333333334, 0.21638333333333334, 0.22523333333333334, 0.22906666666666667, 0.22901666666666667, 0.22991666666666666, 0.229, 0.23001666666666667, 0.23093333333333332, 0.22976666666666667], "er": [81.46166666666666, 78.36166666666666, 77.47666666666666, 77.09333333333333, 77.09833333333333, 77.00833333333334, 77.10000000000001, 76.99833333333333, 76.90666666666667, 77.02333333333333], "val_loss": [2.1163678410687026, 2.074338786209686, 2.0636121396776996, 2.059051743036584, 2.05842861948134, 2.057426063320305, 2.057634901396836, 2.057895367658591, 2.057307724711261, 2.057331927214997], "val_acc": [0.2007, 0.2168, 0.2215, 0.2199, 0.2207, 0.2234, 0.2224, 0.2215, 0.2218, 0.2217], "val_er": [79.93, 78.32000000000001, 77.85, 78.01, 77.92999999999999, 77.66, 77.76, 77.85, 77.82, 77.83]}