{"epoch": [0, 0, 1, 1, 2, 2, 3, 3, 4, 4, 5, 5, 6, 6, 7, 7, 8, 8, 9, 9], "loss": [2.1721102571182413, 2.072098384533864, 2.0003367786976827, 1.9343866519073942, 1.8731658298577836, 1.8398996111172348, 1.833907790275525, 1.8283053756014371, 1.8225404934079916, 1.8168723250248793], "sec": [7.754624605178833, 1.1910381317138672, 7.536141633987427, 1.1762974262237549, 7.558110475540161, 1.1946759223937988, 7.5308837890625, 1.2082743644714355, 7.56788182258606, 1.1769192218780518, 7.509914875030518, 1.150763750076294, 7.53537654876709, 1.2036287784576416, 7.597000598907471, 1.1987888813018799, 7.701502323150635, 1.1903076171875, 7.5759193897247314, 1.169675350189209], "lr": [0.0001, -1.0, 0.0001, -1.0, 0.0001, -1.0, 0.0001, -1.0, 0.0001, -1.0, 1e-05, -1.0, 1e-05, -1.0, 1e-05, -1.0, 1e-05, -1.0, 1e-05, -1.0], "acc": [0.20166666666666666, 0.3212833333333333, 0.3793666666666667, 0.43885, 0.47685, 0.49395, 0.497, 0.5005666666666667, 0.5057166666666667, 0.5081333333333333], "er": [79.83333333333333, 67.87166666666667, 62.06333333333334, 56.115, 52.315, 50.605, 50.3, 49.94333333333333, 49.42833333333333, 49.18666666666667], "val_loss": [2.105545246148411, 2.0296716584434993, 1.9600216074834895, 1.8933416846432263, 1.831338233585599, 1.8255186156381535, 1.8198739471314829, 1.8144041903411285, 1.8072793423374998, 1.803112481213823], "val_acc": [0.2771, 0.3487, 0.3972, 0.4598, 0.5081, 0.5024, 0.502, 0.5062, 0.5071, 0.5114], "val_er": [72.28999999999999, 65.13, 60.28, 54.02, 49.19, 49.760000000000005, 49.8, 49.38, 49.29, 48.86000000000001]}