{"epoch": [0, 0, 1, 1, 2, 2, 3, 3, 4, 4, 5, 5, 6, 6, 7, 7, 8, 8, 9, 9], "loss": [2.032764349664961, 1.7087490301904902, 1.4769660666553197, 1.2900282157255387, 1.1328226552843286, 1.0501197232112194, 1.0373817578053424, 1.024603908631339, 1.0112783865633803, 0.9985730561620391], "sec": [8.223169088363647, 1.2889819145202637, 9.287261486053467, 1.3085248470306396, 9.207883358001709, 1.2978217601776123, 9.59990406036377, 1.277972936630249, 9.671934366226196, 1.261155605316162, 9.44889783859253, 1.2868993282318115, 9.50431776046753, 1.2843894958496094, 9.627593994140625, 1.2769975662231445, 9.549469470977783, 1.3671648502349854, 9.810200452804565, 1.2953789234161377], "lr": [0.0001, -1.0, 0.0001, -1.0, 0.0001, -1.0, 0.0001, -1.0, 0.0001, -1.0, 1e-05, -1.0, 1e-05, -1.0, 1e-05, -1.0, 1e-05, -1.0, 1e-05, -1.0], "acc": [0.3617166666666667, 0.5854166666666667, 0.6841333333333334, 0.7526, 0.7935333333333333, 0.8163333333333334, 0.82, 0.8231666666666667, 0.82555, 0.8280833333333333], "er": [63.82833333333333, 41.45833333333333, 31.586666666666662, 24.739999999999995, 20.64666666666667, 18.366666666666664, 18.000000000000004, 17.68333333333333, 17.445, 17.19166666666667], "val_loss": [1.8424693738357931, 1.5613719783251798, 1.3650394406499742, 1.2001549375208118, 1.0447763038586966, 1.017824255967442, 1.003157827673079, 0.9891808395144306, 0.9749795198440552, 0.9630715130250666], "val_acc": [0.493, 0.663, 0.7282, 0.7667, 0.7982, 0.8337, 0.8359, 0.8386, 0.8375, 0.8441], "val_er": [50.7, 33.699999999999996, 27.180000000000003, 23.329999999999995, 20.18, 16.63, 16.410000000000004, 16.14, 16.249999999999996, 15.590000000000003]}