{"epoch": [0, 0, 1, 1, 2, 2, 3, 3, 4, 4, 5, 5, 6, 6, 7, 7, 8, 8, 9, 9], "loss": [2.2195737514414513, 2.1435622355577024, 2.094636270232292, 2.052217889187941, 2.0122530892459567, 1.9907828480450076, 1.9870594221391658, 1.983050370267205, 1.9796334863471579, 1.976132532680975], "sec": [7.529790878295898, 1.138587236404419, 7.42516016960144, 1.1347203254699707, 7.563113451004028, 1.1131086349487305, 7.577627182006836, 1.1786623001098633, 7.512080669403076, 1.1242663860321045, 7.530969858169556, 1.1240935325622559, 7.498643398284912, 1.1003456115722656, 7.391085624694824, 1.0911974906921387, 7.486501693725586, 1.1581170558929443, 7.55773138999939, 1.1049582958221436], "lr": [0.0001, -1.0, 0.0001, -1.0, 0.0001, -1.0, 0.0001, -1.0, 0.0001, -1.0, 1e-05, -1.0, 1e-05, -1.0, 1e-05, -1.0, 1e-05, -1.0, 1e-05, -1.0], "acc": [0.19925, 0.27258333333333334, 0.3163, 0.3320666666666667, 0.3575833333333333, 0.3805, 0.38203333333333334, 0.3874, 0.38995, 0.39431666666666665], "er": [80.075, 72.74166666666666, 68.37, 66.79333333333332, 64.24166666666666, 61.949999999999996, 61.79666666666667, 61.260000000000005, 61.004999999999995, 60.568333333333335], "val_loss": [2.167022484767286, 2.11150696307798, 2.0665441766569885, 2.023596042319189, 1.9855474837218658, 1.9807671308517456, 1.9762816232970999, 1.9726247440410565, 1.9680268568328665, 1.9655225518383557], "val_acc": [0.2379, 0.3085, 0.3279, 0.346, 0.3791, 0.3786, 0.3849, 0.3885, 0.393, 0.3939], "val_er": [76.21, 69.15, 67.21, 65.4, 62.09, 62.13999999999999, 61.51, 61.14999999999999, 60.699999999999996, 60.61000000000001]}