{"epoch": [0, 0, 1, 1, 2, 2, 3, 3, 4, 4, 5, 5, 6, 6, 7, 7, 8, 8, 9, 9], "loss": [2.016874761977938, 1.6542677729368718, 1.3676176571896843, 1.1472100488412609, 0.9816669162148352, 0.9039837263032063, 0.8924566841583008, 0.8807611811135624, 0.870931976512551, 0.8604810244238961], "sec": [7.522474527359009, 1.1347875595092773, 7.574835538864136, 1.1090989112854004, 7.5818586349487305, 1.1147761344909668, 7.767260551452637, 1.1379063129425049, 7.625174045562744, 1.1707532405853271, 7.4923741817474365, 1.1815197467803955, 7.733009338378906, 1.131082534790039, 7.472693204879761, 1.1425201892852783, 7.596896648406982, 1.1300938129425049, 7.518355369567871, 1.145953893661499], "lr": [0.001, -1.0, 0.001, -1.0, 0.001, -1.0, 0.001, -1.0, 0.001, -1.0, 0.0001, -1.0, 0.0001, -1.0, 0.0001, -1.0, 0.0001, -1.0, 0.0001, -1.0], "acc": [0.3581166666666667, 0.5596333333333333, 0.67215, 0.73895, 0.7753333333333333, 0.7924166666666667, 0.7957833333333333, 0.7990666666666667, 0.80015, 0.80195], "er": [64.18833333333333, 44.03666666666667, 32.785, 26.105, 22.46666666666667, 20.758333333333333, 20.42166666666667, 20.09333333333333, 19.984999999999996, 19.804999999999996], "val_loss": [1.805847029142742, 1.481800165357469, 1.2225446044644224, 1.023358702659607, 0.8855096207389349, 0.8700385780274114, 0.8553705245633668, 0.8444613014595418, 0.8311219064495231, 0.8233833901489838], "val_acc": [0.4937, 0.6604, 0.7337, 0.7702, 0.7856, 0.8063, 0.8067, 0.8097, 0.8111, 0.8138], "val_er": [50.629999999999995, 33.96, 26.63, 22.98, 21.440000000000005, 19.369999999999997, 19.330000000000002, 19.03, 18.889999999999997, 18.620000000000005]}