{"epoch": [0, 0, 1, 1, 2, 2, 3, 3, 4, 4, 5, 5, 6, 6, 7, 7, 8, 8, 9, 9], "loss": [1.9581694813933708, 1.5556468216340933, 1.2328679350647591, 0.9917727758381158, 0.8096747933420291, 0.7244660743772348, 0.7102235334514301, 0.6969786250769202, 0.6843498708851048, 0.6713178704288214], "sec": [7.852941989898682, 1.1752309799194336, 7.895963668823242, 1.2468721866607666, 7.8934645652771, 1.2202551364898682, 7.850512504577637, 1.2518482208251953, 7.86231803894043, 1.219822645187378, 7.848301887512207, 1.2298555374145508, 7.930760860443115, 1.2068800926208496, 7.827091693878174, 1.1659722328186035, 7.811405897140503, 1.1851482391357422, 7.914210796356201, 1.2391655445098877], "lr": [0.0001, -1.0, 0.0001, -1.0, 0.0001, -1.0, 0.0001, -1.0, 0.0001, -1.0, 1e-05, -1.0, 1e-05, -1.0, 1e-05, -1.0, 1e-05, -1.0, 1e-05, -1.0], "acc": [0.41746666666666665, 0.7170333333333333, 0.83135, 0.87365, 0.8952166666666667, 0.9035666666666666, 0.90565, 0.9061333333333333, 0.9077, 0.9093833333333333], "er": [58.25333333333334, 28.29666666666667, 16.864999999999995, 12.634999999999996, 10.478333333333333, 9.643333333333338, 9.435000000000004, 9.386666666666665, 9.230000000000004, 9.061666666666667], "val_loss": [1.7205760539332522, 1.353018057497242, 1.0749152793159968, 0.8634272051762931, 0.7053921637655813, 0.6853450600859485, 0.6664179329630695, 0.6552174381817444, 0.6420849904983859, 0.6310281493241274], "val_acc": [0.6286, 0.8078, 0.861, 0.8964, 0.9132, 0.9159, 0.919, 0.9193, 0.9215, 0.9214], "val_er": [37.13999999999999, 19.220000000000002, 13.900000000000002, 10.360000000000003, 8.68, 8.409999999999995, 8.099999999999996, 8.07, 7.850000000000001, 7.86]}