{"epoch": [0, 0, 1, 1, 2, 2, 3, 3, 4, 4, 5, 5, 6, 6, 7, 7, 8, 8, 9, 9], "loss": [0.616109978669742, 0.14998768811731705, 0.10377346799730747, 0.08338006323715771, 0.07231642445251504, 0.05080955594317364, 0.04757571926932218, 0.04594200476209746, 0.0450485555836355, 0.04445312945033187], "sec": [9.405412197113037, 1.2681634426116943, 10.612772464752197, 1.374269962310791, 10.456092119216919, 1.3570146560668945, 10.904157400131226, 1.347855806350708, 10.676099061965942, 1.3074827194213867, 10.710338592529297, 1.354924201965332, 10.953774690628052, 1.354691743850708, 10.745571851730347, 1.3720252513885498, 10.404417276382446, 1.271286964416504, 8.39408826828003, 1.268528938293457], "lr": [0.001, -1.0, 0.001, -1.0, 0.001, -1.0, 0.001, -1.0, 0.001, -1.0, 0.0001, -1.0, 0.0001, -1.0, 0.0001, -1.0, 0.0001, -1.0, 0.0001, -1.0], "acc": [0.89515, 0.9686833333333333, 0.9746166666666667, 0.9787333333333333, 0.9809166666666667, 0.9867166666666667, 0.9874, 0.98825, 0.9883333333333333, 0.9882166666666666], "er": [10.485, 3.131666666666666, 2.5383333333333313, 2.1266666666666656, 1.908333333333334, 1.3283333333333314, 1.2599999999999945, 1.1750000000000038, 1.1666666666666714, 1.1783333333333368], "val_loss": [0.21871919609323331, 0.10500157352159672, 0.09158608200665139, 0.11117225077852042, 0.07469598518366206, 0.04397406830464171, 0.043329025567155566, 0.041185450970041976, 0.040889576549016975, 0.0414598069059415], "val_acc": [0.9536, 0.9744, 0.9766, 0.968, 0.9776, 0.988, 0.9885, 0.9881, 0.9886, 0.9884], "val_er": [4.64, 2.5599999999999956, 2.3399999999999976, 3.200000000000003, 2.2399999999999975, 1.200000000000001, 1.1499999999999955, 1.1900000000000022, 1.1399999999999966, 1.1600000000000055]}