{"epoch": [0, 0, 1, 1, 2, 2, 3, 3, 4, 4, 5, 5, 6, 6, 7, 7, 8, 8, 9, 9], "loss": [2.172971390457804, 1.9958771141861547, 1.8490310996326047, 1.7176587350332915, 1.5974523108651135, 1.5342246665120887, 1.5229964543507297, 1.5125581115039426, 1.5023412849349, 1.4924814680746115], "sec": [7.841322183609009, 1.1416077613830566, 7.8658764362335205, 1.1549763679504395, 7.886404991149902, 1.1682512760162354, 7.990658760070801, 1.1945157051086426, 7.928953409194946, 1.1740868091583252, 7.820099115371704, 1.1859397888183594, 7.794408321380615, 1.163393497467041, 7.778358697891235, 1.2398931980133057, 7.8134849071502686, 1.2409017086029053, 7.817806959152222, 1.190202236175537], "lr": [0.0001, -1.0, 0.0001, -1.0, 0.0001, -1.0, 0.0001, -1.0, 0.0001, -1.0, 1e-05, -1.0, 1e-05, -1.0, 1e-05, -1.0, 1e-05, -1.0, 1e-05, -1.0], "acc": [0.23325, 0.35568333333333335, 0.45243333333333335, 0.5322666666666667, 0.5938833333333333, 0.6210333333333333, 0.62645, 0.6334, 0.6369833333333333, 0.6410166666666667], "er": [76.67500000000001, 64.43166666666667, 54.75666666666667, 46.77333333333333, 40.611666666666665, 37.89666666666667, 37.355000000000004, 36.660000000000004, 36.30166666666666, 35.89833333333333], "val_loss": [2.0698312445531917, 1.9102169486540783, 1.7736255217202102, 1.6413886758345593, 1.531181063833116, 1.5183501620835895, 1.5040697176245195, 1.4930185381370256, 1.4833039739463902, 1.4738472202156163], "val_acc": [0.3099, 0.4086, 0.4987, 0.5827, 0.6261, 0.6322, 0.6398, 0.6501, 0.6496, 0.6529], "val_er": [69.00999999999999, 59.13999999999999, 50.13000000000001, 41.730000000000004, 37.39, 36.78, 36.019999999999996, 34.99, 35.040000000000006, 34.709999999999994]}