{"epoch": [0, 0, 1, 1, 2, 2, 3, 3, 4, 4, 5, 5, 6, 6, 7, 7, 8, 8, 9, 9], "loss": [2.1564963613746007, 2.0757617368372774, 2.063922656878734, 2.0619861304378713, 2.060501822530588, 2.0587210919557095, 2.0589865590971925, 2.05766354466298, 2.0581416641471226, 2.0573528567865207], "sec": [7.383120536804199, 1.0950567722320557, 7.257645845413208, 1.1035983562469482, 7.218160390853882, 1.0769786834716797, 7.270655870437622, 1.1197690963745117, 7.232148885726929, 1.1404881477355957, 7.189010858535767, 1.1110870838165283, 7.38346266746521, 1.0977506637573242, 7.239411354064941, 1.138171672821045, 7.338263511657715, 1.1800837516784668, 7.255542039871216, 1.0931897163391113], "lr": [0.001, -1.0, 0.001, -1.0, 0.001, -1.0, 0.001, -1.0, 0.001, -1.0, 0.0001, -1.0, 0.0001, -1.0, 0.0001, -1.0, 0.0001, -1.0, 0.0001, -1.0], "acc": [0.1922, 0.2236, 0.22883333333333333, 0.23033333333333333, 0.22991666666666666, 0.2319, 0.23263333333333333, 0.2333, 0.23288333333333333, 0.2328], "er": [80.78, 77.64, 77.11666666666666, 76.96666666666667, 77.00833333333334, 76.81, 76.73666666666666, 76.66999999999999, 76.71166666666667, 76.72], "val_loss": [2.087789503833916, 2.0639926813825777, 2.058939840220198, 2.061144600940656, 2.0577021610887747, 2.0568153209324125, 2.0555406688134883, 2.054668166969396, 2.0546984793264653, 2.0552001361605488], "val_acc": [0.2099, 0.2196, 0.2236, 0.221, 0.228, 0.2252, 0.2236, 0.2237, 0.2237, 0.224], "val_er": [79.01, 78.03999999999999, 77.64, 77.9, 77.2, 77.47999999999999, 77.64, 77.63, 77.63, 77.60000000000001]}