{"epoch": [0, 0, 1, 1, 2, 2, 3, 3, 4, 4, 5, 5, 6, 6, 7, 7, 8, 8, 9, 9], "loss": [0.6154081986339361, 0.1472399791579511, 0.09922521599510839, 0.08146092247591218, 0.07178374600292904, 0.051318599792844706, 0.04808072898703725, 0.04688789980458235, 0.04555894005130222, 0.04521624517760107], "sec": [8.077993631362915, 1.2800991535186768, 9.453806400299072, 1.1989669799804688, 10.695312976837158, 1.289494514465332, 10.655208110809326, 1.322472333908081, 10.54485535621643, 1.347524642944336, 10.535839796066284, 1.3192048072814941, 10.611810684204102, 1.3486769199371338, 10.736446380615234, 1.3634347915649414, 10.505462884902954, 1.3964312076568604, 10.35849642753601, 1.4243040084838867], "lr": [0.001, -1.0, 0.001, -1.0, 0.001, -1.0, 0.001, -1.0, 0.001, -1.0, 0.0001, -1.0, 0.0001, -1.0, 0.0001, -1.0, 0.0001, -1.0, 0.0001, -1.0], "acc": [0.8899666666666667, 0.9686833333333333, 0.9759333333333333, 0.9787833333333333, 0.9805166666666667, 0.9859833333333333, 0.9873166666666666, 0.9877166666666667, 0.9883333333333333, 0.9881166666666666], "er": [11.003333333333332, 3.131666666666666, 2.406666666666668, 2.121666666666666, 1.9483333333333297, 1.4016666666666677, 1.268333333333338, 1.2283333333333313, 1.1666666666666714, 1.1883333333333357], "val_loss": [0.21589729538823985, 0.13467720214607595, 0.09747077016560715, 0.08195901501192888, 0.07125166949191236, 0.04655819804749534, 0.045542457356129454, 0.04343376086164219, 0.04328910423637238, 0.04367630618854273], "val_acc": [0.9535, 0.9657, 0.9752, 0.9763, 0.9803, 0.9863, 0.9878, 0.9877, 0.9877, 0.9881], "val_er": [4.649999999999999, 3.4299999999999997, 2.4800000000000044, 2.3700000000000054, 1.970000000000005, 1.3700000000000045, 1.2199999999999989, 1.2299999999999978, 1.2299999999999978, 1.1900000000000022]}