{"epoch": [0, 0, 1, 1, 2, 2, 3, 3, 4, 4, 5, 5, 6, 6, 7, 7, 8, 8, 9, 9], "loss": [1.2653462637716264, 0.4824020013626196, 0.29598840759761297, 0.22829446647721313, 0.1933941060959149, 0.1548444532128031, 0.14951988471660024, 0.14755643140087757, 0.1446715976510729, 0.14227854375487198], "sec": [9.311084985733032, 1.1583218574523926, 9.306100845336914, 1.1644725799560547, 9.345913887023926, 1.2084522247314453, 9.279567241668701, 1.1612944602966309, 9.31715703010559, 1.1710796356201172, 9.405309915542603, 1.2434122562408447, 9.565481662750244, 1.1725332736968994, 9.693206310272217, 1.1869144439697266, 9.481875896453857, 1.179847240447998, 9.476824045181274, 1.1807806491851807], "lr": [0.001, -1.0, 0.001, -1.0, 0.001, -1.0, 0.001, -1.0, 0.001, -1.0, 0.0001, -1.0, 0.0001, -1.0, 0.0001, -1.0, 0.0001, -1.0, 0.0001, -1.0], "acc": [0.6929666666666666, 0.9083833333333333, 0.9366166666666667, 0.9470333333333333, 0.9521666666666667, 0.96235, 0.9632666666666667, 0.9641833333333333, 0.9644166666666667, 0.9654833333333334], "er": [30.703333333333337, 9.161666666666669, 6.338333333333335, 5.296666666666672, 4.783333333333328, 3.764999999999996, 3.6733333333333285, 3.581666666666672, 3.55833333333333, 3.451666666666664], "val_loss": [0.7350908721549602, 0.4539304007835026, 0.24840394709306426, 0.2644731355713138, 0.17152907836097706, 0.13649823778320716, 0.13824702245242235, 0.1309458891849352, 0.12959445923378196, 0.12865483437818062], "val_acc": [0.8369, 0.8831, 0.9412, 0.9254, 0.9584, 0.9668, 0.9669, 0.9689, 0.9685, 0.9676], "val_er": [16.310000000000002, 11.690000000000001, 5.879999999999996, 7.46, 4.159999999999997, 3.3200000000000007, 3.310000000000002, 3.1100000000000017, 3.1499999999999972, 3.2399999999999984]}