{"epoch": [0, 0, 1, 1, 2, 2, 3, 3, 4, 4, 5, 5, 6, 6, 7, 7, 8, 8, 9, 9], "loss": [1.661992113219141, 0.916642488192902, 0.6184301800183905, 0.45012733905808505, 0.35900721986537804, 0.3040900516039781, 0.29498049219661177, 0.28932187853972796, 0.28409314914934164, 0.27876457174830854], "sec": [7.7463765144348145, 1.162733554840088, 7.628441095352173, 1.1594529151916504, 7.7184672355651855, 1.2042152881622314, 7.65161395072937, 1.163637399673462, 7.75328254699707, 1.1527199745178223, 7.708249092102051, 1.1303489208221436, 7.798482179641724, 1.1917064189910889, 7.862534523010254, 1.1306090354919434, 7.807739019393921, 1.148329734802246, 7.722969055175781, 1.1799869537353516], "lr": [0.001, -1.0, 0.001, -1.0, 0.001, -1.0, 0.001, -1.0, 0.001, -1.0, 0.0001, -1.0, 0.0001, -1.0, 0.0001, -1.0, 0.0001, -1.0, 0.0001, -1.0], "acc": [0.5441, 0.7841833333333333, 0.86305, 0.9004666666666666, 0.91745, 0.9316833333333333, 0.9336, 0.93405, 0.9352666666666667, 0.9364666666666667], "er": [45.589999999999996, 21.581666666666667, 13.695000000000002, 9.953333333333337, 8.255, 6.831666666666669, 6.6400000000000015, 6.594999999999995, 6.473333333333331, 6.3533333333333335], "val_loss": [1.1572108449815195, 0.7471921130826201, 0.5016796751112877, 0.4422637929644766, 0.3480179688975781, 0.26819869970219046, 0.2632313889415958, 0.25690355019856104, 0.25311428600851493, 0.2546197681487361], "val_acc": [0.7019, 0.7828, 0.8947, 0.8871, 0.9186, 0.9442, 0.9459, 0.9464, 0.9467, 0.9455], "val_er": [29.810000000000002, 21.719999999999995, 10.529999999999994, 11.29, 8.140000000000002, 5.5799999999999965, 5.410000000000004, 5.359999999999998, 5.330000000000002, 5.449999999999999]}