{"epoch": [0, 0, 1, 1, 2, 2, 3, 3, 4, 4, 5, 5, 6, 6, 7, 7, 8, 8, 9, 9], "loss": [2.1217947519664317, 1.8849328044635147, 1.7297072781682776, 1.6125787445731254, 1.5205244537609726, 1.4735013747266106, 1.4656701611557494, 1.4593021257091432, 1.4517613984882705, 1.4453102825547077], "sec": [7.582754611968994, 1.0879878997802734, 7.651843309402466, 1.1192657947540283, 7.498344898223877, 1.1324543952941895, 7.479686975479126, 1.1228339672088623, 7.549731016159058, 1.1552507877349854, 7.427590847015381, 1.1474025249481201, 7.469740390777588, 1.1438801288604736, 7.623955726623535, 1.1736950874328613, 7.529081583023071, 1.0963847637176514, 7.493157863616943, 1.1126792430877686], "lr": [0.001, -1.0, 0.001, -1.0, 0.001, -1.0, 0.001, -1.0, 0.001, -1.0, 0.0001, -1.0, 0.0001, -1.0, 0.0001, -1.0, 0.0001, -1.0, 0.0001, -1.0], "acc": [0.25888333333333335, 0.3537666666666667, 0.41305, 0.45348333333333335, 0.4871, 0.5065333333333333, 0.5103666666666666, 0.51325, 0.5168166666666667, 0.5190333333333333], "er": [74.11166666666666, 64.62333333333333, 58.69500000000001, 54.651666666666664, 51.29, 49.34666666666667, 48.96333333333334, 48.675000000000004, 48.31833333333333, 48.096666666666664], "val_loss": [1.975642192212841, 1.8004670248755925, 1.6505032023297082, 1.5445050378388996, 1.4653553253487697, 1.4511736510675164, 1.444759743123115, 1.4381095442590834, 1.429757166512405, 1.4226620936695533], "val_acc": [0.3161, 0.4184, 0.4385, 0.4654, 0.5175, 0.5156, 0.5219, 0.5295, 0.5275, 0.53], "val_er": [68.39, 58.160000000000004, 56.15, 53.459999999999994, 48.25000000000001, 48.440000000000005, 47.809999999999995, 47.050000000000004, 47.25, 47.0]}