{"epoch": [0, 0, 1, 1, 2, 2, 3, 3, 4, 4, 5, 5, 6, 6, 7, 7, 8, 8, 9, 9], "loss": [0.6133374560997684, 0.143752296016351, 0.09823701869863183, 0.07954941562482162, 0.06853415261008847, 0.0481477920621284, 0.04506860258601812, 0.04361813284579847, 0.042502361316003524, 0.04181234750833148], "sec": [9.300063133239746, 1.2220373153686523, 9.23680329322815, 1.1846916675567627, 9.319132804870605, 1.1714422702789307, 9.299469947814941, 1.1918160915374756, 9.338834285736084, 1.2107107639312744, 9.395682573318481, 1.2060561180114746, 9.507754802703857, 1.2081842422485352, 9.654531717300415, 1.1977500915527344, 9.706053495407104, 1.2430789470672607, 9.572017431259155, 1.1461694240570068], "lr": [0.001, -1.0, 0.001, -1.0, 0.001, -1.0, 0.001, -1.0, 0.001, -1.0, 0.0001, -1.0, 0.0001, -1.0, 0.0001, -1.0, 0.0001, -1.0, 0.0001, -1.0], "acc": [0.8885666666666666, 0.9691666666666666, 0.97575, 0.9799166666666667, 0.9821, 0.98765, 0.9879833333333333, 0.9885333333333334, 0.9889666666666667, 0.9889166666666667], "er": [11.143333333333338, 3.083333333333338, 2.4249999999999994, 2.008333333333334, 1.7900000000000027, 1.2349999999999972, 1.2016666666666675, 1.1466666666666625, 1.103333333333334, 1.1083333333333334], "val_loss": [0.21013178582055658, 0.11153972568579867, 0.13501133293479303, 0.09440606424019118, 0.06414104303156462, 0.04316753898953571, 0.04173290462356909, 0.0406467425990614, 0.040363295510694196, 0.04001880212704639], "val_acc": [0.9575, 0.9755, 0.9602, 0.9731, 0.9826, 0.9876, 0.9883, 0.9883, 0.989, 0.9883], "val_er": [4.249999999999998, 2.4499999999999966, 3.9799999999999947, 2.6900000000000035, 1.739999999999997, 1.2399999999999967, 1.1700000000000044, 1.1700000000000044, 1.100000000000001, 1.1700000000000044]}