{"epoch": [0, 0, 1, 1, 2, 2, 3, 3, 4, 4, 5, 5, 6, 6, 7, 7, 8, 8, 9, 9], "loss": [1.8829935819609587, 1.3809235988141122, 1.053558927482125, 0.855075195399937, 0.7314272010758487, 0.6736220929668402, 0.6643967725066487, 0.6557426650895238, 0.6483243396287279, 0.6400582614992218], "sec": [7.704490900039673, 1.2555956840515137, 7.674461841583252, 1.2032287120819092, 7.659057140350342, 1.1667811870574951, 7.734884023666382, 1.2725622653961182, 7.608112096786499, 1.1580514907836914, 7.716237306594849, 1.1260130405426025, 7.652116060256958, 1.1827034950256348, 7.699818134307861, 1.1986491680145264, 7.786681890487671, 1.1502082347869873, 7.6575400829315186, 1.190148115158081], "lr": [0.001, -1.0, 0.001, -1.0, 0.001, -1.0, 0.001, -1.0, 0.001, -1.0, 0.0001, -1.0, 0.0001, -1.0, 0.0001, -1.0, 0.0001, -1.0, 0.0001, -1.0], "acc": [0.4444166666666667, 0.6822, 0.7736333333333333, 0.81165, 0.8329166666666666, 0.84605, 0.8480833333333333, 0.8497666666666667, 0.8511833333333333, 0.8528], "er": [55.55833333333333, 31.779999999999998, 22.63666666666667, 18.835, 16.708333333333336, 15.395000000000003, 15.19166666666667, 15.023333333333333, 14.881666666666671, 14.719999999999999], "val_loss": [1.6101952549777454, 1.1717645163777508, 0.9117186167572118, 0.7479296345499498, 0.6508745886856997, 0.6332714289804048, 0.6281403989731511, 0.6182803413535976, 0.6081010755858843, 0.6048458124263377], "val_acc": [0.6019, 0.7698, 0.811, 0.8457, 0.8557, 0.8583, 0.8604, 0.861, 0.8621, 0.8634], "val_er": [39.81, 23.019999999999996, 18.899999999999995, 15.43, 14.429999999999998, 14.170000000000005, 13.959999999999994, 13.900000000000002, 13.790000000000003, 13.660000000000005]}