{"epoch": [0, 0, 1, 1, 2, 2, 3, 3, 4, 4, 5, 5, 6, 6, 7, 7, 8, 8, 9, 9], "loss": [2.325936944245784, 2.287258915301325, 2.2563499870584973, 2.228749166419511, 2.20276981630305, 2.191038604992539, 2.1888797567851506, 2.1869696965858116, 2.1850580142250955, 2.1831240948837705], "sec": [7.485351800918579, 1.0993883609771729, 7.2100231647491455, 1.1251730918884277, 7.158885955810547, 1.0822794437408447, 7.264517307281494, 1.0997645854949951, 7.2981486320495605, 1.113532304763794, 7.260838508605957, 1.0911142826080322, 7.194425106048584, 1.09759521484375, 7.317070245742798, 1.134281873703003, 7.341730833053589, 1.093031406402588, 7.273036956787109, 1.0863103866577148], "lr": [0.0001, -1.0, 0.0001, -1.0, 0.0001, -1.0, 0.0001, -1.0, 0.0001, -1.0, 1e-05, -1.0, 1e-05, -1.0, 1e-05, -1.0, 1e-05, -1.0, 1e-05, -1.0], "acc": [0.14878333333333332, 0.17505, 0.17223333333333332, 0.17301666666666668, 0.17311666666666667, 0.17363333333333333, 0.17408333333333334, 0.17406666666666668, 0.174, 0.17408333333333334], "er": [85.12166666666667, 82.49499999999999, 82.77666666666667, 82.69833333333332, 82.68833333333333, 82.63666666666667, 82.59166666666667, 82.59333333333333, 82.60000000000001, 82.59166666666667], "val_loss": [2.3015091117424302, 2.2682346512999714, 2.2391910794415053, 2.2107856635805927, 2.1882704239857347, 2.185834941984732, 2.184132400947281, 2.182798539535909, 2.1803546313998066, 2.178752271434929], "val_acc": [0.1856, 0.1766, 0.1754, 0.1781, 0.1767, 0.1784, 0.1772, 0.1757, 0.1768, 0.1762], "val_er": [81.44, 82.34, 82.46, 82.19, 82.33, 82.16, 82.28, 82.43, 82.32, 82.38]}