{"epoch": [0, 0, 1, 1, 2, 2, 3, 3, 4, 4, 5, 5, 6, 6, 7, 7, 8, 8, 9, 9], "loss": [1.6005927746229842, 0.9517630006967068, 0.6397394952235191, 0.4601507961495853, 0.3522071050428378, 0.30096321891365785, 0.29364433207872837, 0.28568953463136515, 0.27977214337411976, 0.27228868604977247], "sec": [10.604385614395142, 1.467529296875, 10.524818181991577, 1.5057775974273682, 10.546889305114746, 1.4897255897521973, 10.491425037384033, 1.5102260112762451, 10.425332307815552, 1.4201157093048096, 10.671809196472168, 1.4681928157806396, 10.674783945083618, 1.4878385066986084, 10.682508707046509, 1.4432525634765625, 9.16733980178833, 1.179886817932129, 8.09354019165039, 1.2309796810150146], "lr": [0.0001, -1.0, 0.0001, -1.0, 0.0001, -1.0, 0.0001, -1.0, 0.0001, -1.0, 1e-05, -1.0, 1e-05, -1.0, 1e-05, -1.0, 1e-05, -1.0, 1e-05, -1.0], "acc": [0.6813333333333333, 0.9003666666666666, 0.9303833333333333, 0.9441833333333334, 0.9526666666666667, 0.9582833333333334, 0.9592666666666667, 0.9599, 0.9607166666666667, 0.9610666666666666], "er": [31.866666666666667, 9.963333333333335, 6.961666666666666, 5.581666666666663, 4.733333333333334, 4.171666666666662, 4.073333333333329, 4.0100000000000025, 3.9283333333333337, 3.8933333333333375], "val_loss": [1.1581744181958935, 0.7347424430183217, 0.5118451341043545, 0.37989967061748986, 0.2787023331922821, 0.27186960481767414, 0.25932373917555507, 0.2526675929562955, 0.24801127499417414, 0.24436412261256688], "val_acc": [0.8754, 0.9283, 0.9411, 0.9498, 0.9639, 0.9663, 0.9664, 0.9677, 0.9676, 0.9678], "val_er": [12.460000000000004, 7.169999999999998, 5.889999999999995, 5.020000000000002, 3.610000000000002, 3.369999999999995, 3.3599999999999963, 3.2299999999999995, 3.2399999999999984, 3.2200000000000006]}