{"epoch": [0, 0, 1, 1, 2, 2, 3, 3, 4, 4, 5, 5, 6, 6, 7, 7, 8, 8, 9, 9], "loss": [2.256815712589191, 2.183639453672397, 2.140062642758335, 2.1156856957783323, 2.101539072451561, 2.095240190339241, 2.0948349044267047, 2.0934240533344783, 2.092460539295221, 2.091617004703611], "sec": [7.157664775848389, 1.1110494136810303, 7.139545202255249, 1.1530160903930664, 7.111268997192383, 1.077449083328247, 7.204056739807129, 1.112459659576416, 7.214732885360718, 1.1018693447113037, 7.183802127838135, 1.099719762802124, 7.153324604034424, 1.1171200275421143, 7.2433388233184814, 1.109471321105957, 7.251715898513794, 1.1176917552947998, 7.3717942237854, 1.1262755393981934], "lr": [0.0001, -1.0, 0.0001, -1.0, 0.0001, -1.0, 0.0001, -1.0, 0.0001, -1.0, 1e-05, -1.0, 1e-05, -1.0, 1e-05, -1.0, 1e-05, -1.0, 1e-05, -1.0], "acc": [0.1807, 0.20275, 0.20303333333333334, 0.20338333333333333, 0.2049, 0.20915, 0.20925, 0.20983333333333334, 0.21078333333333332, 0.21118333333333333], "er": [81.93, 79.725, 79.69666666666666, 79.66166666666666, 79.51, 79.08500000000001, 79.075, 79.01666666666667, 78.92166666666667, 78.88166666666667], "val_loss": [2.210163460502142, 2.1531854007817524, 2.12137153782422, 2.103251027155526, 2.0915016690387, 2.0907586556446702, 2.0895167604277405, 2.088413469399078, 2.087884580032735, 2.0866179104092755], "val_acc": [0.1966, 0.1968, 0.1979, 0.1984, 0.2036, 0.203, 0.2043, 0.2049, 0.2051, 0.2064], "val_er": [80.34, 80.32000000000001, 80.21000000000001, 80.16, 79.64, 79.69999999999999, 79.57, 79.51, 79.49, 79.36]}