{"epoch": [0, 0, 1, 1, 2, 2, 3, 3, 4, 4, 5, 5, 6, 6, 7, 7, 8, 8, 9, 9], "loss": [2.0049185585111444, 1.6909224659140938, 1.5104512888739612, 1.3907469455113035, 1.3040806474461992, 1.2596459309937857, 1.2532308325330332, 1.2458490756020617, 1.2389487056081483, 1.2331410399886336], "sec": [7.695713758468628, 1.1496973037719727, 7.71788763999939, 1.1897268295288086, 7.745174884796143, 1.213392734527588, 7.759495496749878, 1.164743185043335, 7.832414388656616, 1.147038459777832, 7.835309743881226, 1.146794080734253, 7.677378177642822, 1.2370970249176025, 7.722275733947754, 1.1729769706726074, 7.678771257400513, 1.2151141166687012, 7.7749104499816895, 1.1533119678497314], "lr": [0.001, -1.0, 0.001, -1.0, 0.001, -1.0, 0.001, -1.0, 0.001, -1.0, 0.0001, -1.0, 0.0001, -1.0, 0.0001, -1.0, 0.0001, -1.0, 0.0001, -1.0], "acc": [0.3301, 0.45238333333333336, 0.50875, 0.5470666666666667, 0.5776166666666667, 0.5970666666666666, 0.6013666666666667, 0.6027, 0.60665, 0.60815], "er": [66.99, 54.76166666666666, 49.125, 45.29333333333333, 42.23833333333333, 40.29333333333334, 39.86333333333333, 39.73, 39.335, 39.185], "val_loss": [1.8054859366598008, 1.5705636060690578, 1.4192586593990084, 1.3207734129096889, 1.2425752863099304, 1.2282563696933697, 1.2227287873437134, 1.214953280702422, 1.2063740144802044, 1.2021327320533464], "val_acc": [0.407, 0.4912, 0.5314, 0.5823, 0.5996, 0.616, 0.6178, 0.6212, 0.6243, 0.6271], "val_er": [59.3, 50.879999999999995, 46.86, 41.769999999999996, 40.04, 38.4, 38.22, 37.88, 37.57, 37.29]}