{"epoch": [0, 0, 1, 1, 2, 2, 3, 3, 4, 4, 5, 5, 6, 6, 7, 7, 8, 8, 9, 9], "loss": [1.9200846589704565, 1.4930708947212203, 1.196833820485357, 0.9620754408683858, 0.7816724254886733, 0.6966903948072177, 0.6832402703096109, 0.6706021804291048, 0.6564580929050567, 0.6441052268817227], "sec": [7.81114935874939, 1.1598904132843018, 7.888981580734253, 1.1545906066894531, 7.807236671447754, 1.1616504192352295, 7.835474729537964, 1.1668205261230469, 7.827259063720703, 1.1721808910369873, 7.7787251472473145, 1.173283576965332, 7.851722240447998, 1.1773936748504639, 7.842203855514526, 1.1668713092803955, 7.8041393756866455, 1.1564266681671143, 7.867228269577026, 1.0953857898712158], "lr": [0.0001, -1.0, 0.0001, -1.0, 0.0001, -1.0, 0.0001, -1.0, 0.0001, -1.0, 1e-05, -1.0, 1e-05, -1.0, 1e-05, -1.0, 1e-05, -1.0, 1e-05, -1.0], "acc": [0.44035, 0.716, 0.8341333333333333, 0.8834833333333333, 0.9024833333333333, 0.91165, 0.9127666666666666, 0.9136333333333333, 0.9150666666666667, 0.9160333333333334], "er": [55.964999999999996, 28.400000000000002, 16.586666666666673, 11.65166666666667, 9.751666666666669, 8.835000000000004, 8.723333333333338, 8.63666666666667, 8.49333333333333, 8.396666666666663], "val_loss": [1.6428667955760714, 1.3068016812771182, 1.0459627931631064, 0.8270039316974108, 0.6789178991619544, 0.6558980628659453, 0.6425208204154726, 0.6290697840195668, 0.6193673572962797, 0.6067767180973971], "val_acc": [0.6062, 0.7959, 0.8796, 0.9017, 0.9163, 0.9193, 0.9203, 0.9243, 0.9236, 0.9245], "val_er": [39.38, 20.409999999999997, 12.039999999999996, 9.830000000000005, 8.37, 8.07, 7.969999999999999, 7.5699999999999985, 7.640000000000002, 7.550000000000001]}