{"epoch": [0, 0, 1, 1, 2, 2, 3, 3, 4, 4, 5, 5, 6, 6, 7, 7, 8, 8, 9, 9], "loss": [1.6018839660229713, 0.9558585723325896, 0.6268524225078412, 0.4483767836205741, 0.34362244202511144, 0.2938201667657539, 0.28669193863614534, 0.2796719472037195, 0.27152499556541443, 0.26584174050324], "sec": [8.076076745986938, 1.2758710384368896, 10.265886306762695, 1.4260432720184326, 10.546292066574097, 1.4772353172302246, 10.703876733779907, 1.3918581008911133, 10.477109432220459, 1.5194973945617676, 10.367694854736328, 1.438049077987671, 10.494622945785522, 1.3586950302124023, 10.539607286453247, 1.4168386459350586, 10.493834495544434, 1.4623684883117676, 9.757954835891724, 1.338578701019287], "lr": [0.0001, -1.0, 0.0001, -1.0, 0.0001, -1.0, 0.0001, -1.0, 0.0001, -1.0, 1e-05, -1.0, 1e-05, -1.0, 1e-05, -1.0, 1e-05, -1.0, 1e-05, -1.0], "acc": [0.6652666666666667, 0.8983333333333333, 0.93175, 0.9462166666666667, 0.9540166666666666, 0.9592666666666667, 0.9598333333333333, 0.9599833333333333, 0.96155, 0.9617166666666667], "er": [33.47333333333333, 10.166666666666668, 6.825000000000003, 5.378333333333329, 4.598333333333338, 4.073333333333329, 4.016666666666668, 4.0016666666666705, 3.8449999999999984, 3.8283333333333336], "val_loss": [1.1672510595261296, 0.7199585550948034, 0.4997146761492838, 0.36787099947657764, 0.2811637199189089, 0.26316156917357747, 0.260641123109226, 0.24855586169641228, 0.2421040076620971, 0.23913075303352332], "val_acc": [0.8743, 0.9325, 0.948, 0.9538, 0.9636, 0.9665, 0.9676, 0.9677, 0.9672, 0.9681], "val_er": [12.570000000000004, 6.75, 5.200000000000005, 4.620000000000002, 3.639999999999999, 3.3499999999999974, 3.2399999999999984, 3.2299999999999995, 3.280000000000005, 3.190000000000004]}