{"epoch": [0, 0, 1, 1, 2, 2, 3, 3, 4, 4, 5, 5, 6, 6, 7, 7, 8, 8, 9, 9], "loss": [0.9965117596614081, 0.28650147291515937, 0.18344467640050185, 0.14332684410660507, 0.1216076838531728, 0.09833322648109911, 0.09578047259085214, 0.09369287044127612, 0.09221321199017801, 0.08993023403608469], "sec": [7.753648996353149, 1.149414300918579, 7.8360655307769775, 1.2355530261993408, 7.816997528076172, 1.1933810710906982, 7.8387227058410645, 1.146623134613037, 7.693744421005249, 1.1853580474853516, 7.702736854553223, 1.1337080001831055, 7.718764305114746, 1.2011032104492188, 7.789829969406128, 1.1415584087371826, 7.839005708694458, 1.1846940517425537, 7.959703683853149, 1.1691005229949951], "lr": [0.001, -1.0, 0.001, -1.0, 0.001, -1.0, 0.001, -1.0, 0.001, -1.0, 0.0001, -1.0, 0.0001, -1.0, 0.0001, -1.0, 0.0001, -1.0, 0.0001, -1.0], "acc": [0.8097166666666666, 0.9436, 0.9582166666666667, 0.9654166666666667, 0.9687666666666667, 0.9750666666666666, 0.97645, 0.9762333333333333, 0.9769666666666666, 0.9769166666666667], "er": [19.028333333333336, 5.640000000000001, 4.178333333333328, 3.45833333333333, 3.1233333333333335, 2.4933333333333363, 2.354999999999996, 2.3766666666666714, 2.303333333333335, 2.3083333333333345], "val_loss": [0.40825284451623506, 0.20001534306550328, 0.1477627433317749, 0.12123248176767101, 0.13486506524672615, 0.08670090184888884, 0.08565643529961758, 0.08356489363138246, 0.08538917824625969, 0.08192267200520521], "val_acc": [0.9268, 0.9605, 0.9654, 0.9692, 0.9635, 0.978, 0.9784, 0.9783, 0.9776, 0.979], "val_er": [7.320000000000004, 3.949999999999998, 3.4599999999999964, 3.080000000000005, 3.6499999999999977, 2.200000000000002, 2.1599999999999953, 2.1700000000000053, 2.2399999999999975, 2.100000000000002]}