{"epoch": [0, 0, 1, 1, 2, 2, 3, 3, 4, 4, 5, 5, 6, 6, 7, 7, 8, 8, 9, 9], "loss": [2.3076302634119226, 2.2610054819314462, 2.222953133491565, 2.1958472083118172, 2.173624013786885, 2.1633416716732197, 2.161395376425054, 2.1596723080698106, 2.1578686379674656, 2.1560494447313645], "sec": [7.2793920040130615, 1.0946309566497803, 7.176890850067139, 1.1391456127166748, 7.289507865905762, 1.0686957836151123, 7.199762344360352, 1.1431682109832764, 7.101520776748657, 1.0843677520751953, 7.063252687454224, 1.0881454944610596, 7.140487432479858, 1.1150732040405273, 7.243518352508545, 1.126852035522461, 7.134197235107422, 1.0735888481140137, 7.123022556304932, 1.1093578338623047], "lr": [0.0001, -1.0, 0.0001, -1.0, 0.0001, -1.0, 0.0001, -1.0, 0.0001, -1.0, 1e-05, -1.0, 1e-05, -1.0, 1e-05, -1.0, 1e-05, -1.0, 1e-05, -1.0], "acc": [0.0876, 0.16458333333333333, 0.17945, 0.19998333333333335, 0.20138333333333333, 0.20053333333333334, 0.20085, 0.19968333333333332, 0.20058333333333334, 0.20043333333333332], "er": [91.24, 83.54166666666667, 82.055, 80.00166666666667, 79.86166666666666, 79.94666666666667, 79.915, 80.03166666666667, 79.94166666666666, 79.95666666666666], "val_loss": [2.2830570951292786, 2.2351618990113464, 2.2047622626340844, 2.179612609404552, 2.1597880924804302, 2.1576336818405344, 2.1561280172082444, 2.1542687778231464, 2.153612357151659, 2.150919491731668], "val_acc": [0.1224, 0.1795, 0.1954, 0.2013, 0.1987, 0.1993, 0.1986, 0.1992, 0.196, 0.1986], "val_er": [87.76, 82.05, 80.46, 79.86999999999999, 80.13, 80.07, 80.14, 80.08, 80.4, 80.14]}