{"epoch": [0, 0, 1, 1, 2, 2, 3, 3, 4, 4, 5, 5, 6, 6, 7, 7, 8, 8, 9, 9], "loss": [2.182254386609043, 2.0062571947000176, 1.8641129244110985, 1.728220996317833, 1.6104226211494983, 1.54921284819971, 1.5384027866412326, 1.528404268628753, 1.5186763086806991, 1.5094567994827401], "sec": [7.76233696937561, 1.2109735012054443, 7.844780921936035, 1.1286823749542236, 7.814777135848999, 1.161029577255249, 7.806560277938843, 1.1323864459991455, 7.887570142745972, 1.1948530673980713, 7.884153604507446, 1.1384820938110352, 7.7914581298828125, 1.1865768432617188, 7.734709024429321, 1.1651415824890137, 7.862227439880371, 1.1652088165283203, 7.856160879135132, 1.1271171569824219], "lr": [0.0001, -1.0, 0.0001, -1.0, 0.0001, -1.0, 0.0001, -1.0, 0.0001, -1.0, 1e-05, -1.0, 1e-05, -1.0, 1e-05, -1.0, 1e-05, -1.0, 1e-05, -1.0], "acc": [0.3086833333333333, 0.38495, 0.4485, 0.5205666666666666, 0.58425, 0.6150833333333333, 0.6196, 0.6241166666666667, 0.6280166666666667, 0.6314], "er": [69.13166666666667, 61.504999999999995, 55.15, 47.943333333333335, 41.574999999999996, 38.49166666666667, 38.04, 37.58833333333334, 37.19833333333333, 36.86000000000001], "val_loss": [2.0759155991711196, 1.9291881534117687, 1.7805248197120955, 1.6547037257423884, 1.5326947169967844, 1.5251236414607567, 1.5156134548066538, 1.5036161172239086, 1.4956143008002751, 1.4838289867473553], "val_acc": [0.3826, 0.4051, 0.4947, 0.5653, 0.6453, 0.6334, 0.645, 0.6453, 0.6524, 0.6556], "val_er": [61.739999999999995, 59.489999999999995, 50.53000000000001, 43.47, 35.47, 36.660000000000004, 35.5, 35.47, 34.760000000000005, 34.440000000000005]}