{"epoch": [0, 0, 1, 1, 2, 2, 3, 3, 4, 4, 5, 5, 6, 6, 7, 7, 8, 8, 9, 9], "loss": [2.2324571950095042, 2.161156126176879, 2.106117822468154, 2.0564567636070983, 2.012108985040742, 1.988525775958226, 1.985161119940947, 1.9809314772518458, 1.9773069467625892, 1.9731256979614942], "sec": [7.764837026596069, 1.140895128250122, 7.601938009262085, 1.1579258441925049, 7.594483137130737, 1.1458349227905273, 7.606054067611694, 1.1308846473693848, 7.564431190490723, 1.1149265766143799, 7.586453676223755, 1.1463706493377686, 7.736587047576904, 1.1746947765350342, 7.5502166748046875, 1.130847692489624, 7.60983419418335, 1.1574070453643799, 7.607579708099365, 1.120190143585205], "lr": [0.0001, -1.0, 0.0001, -1.0, 0.0001, -1.0, 0.0001, -1.0, 0.0001, -1.0, 1e-05, -1.0, 1e-05, -1.0, 1e-05, -1.0, 1e-05, -1.0, 1e-05, -1.0], "acc": [0.19618333333333332, 0.24495, 0.2818333333333333, 0.31416666666666665, 0.3405666666666667, 0.34313333333333335, 0.3466, 0.35058333333333336, 0.35401666666666665, 0.35756666666666664], "er": [80.38166666666666, 75.505, 71.81666666666666, 68.58333333333333, 65.94333333333333, 65.68666666666667, 65.34, 64.94166666666666, 64.59833333333333, 64.24333333333334], "val_loss": [2.1894250881822805, 2.1305816324451303, 2.0774619005903414, 2.0290771043753324, 1.984829950936233, 1.9812274250803115, 1.9765740346304979, 1.9739833436434782, 1.9708255816109572, 1.9666391746907295], "val_acc": [0.2152, 0.2615, 0.3093, 0.3204, 0.3366, 0.3475, 0.3504, 0.3429, 0.3506, 0.3528], "val_er": [78.47999999999999, 73.85, 69.07, 67.96, 66.34, 65.25000000000001, 64.96, 65.71000000000001, 64.94, 64.72]}