{"epoch": [0, 0, 1, 1, 2, 2, 3, 3, 4, 4, 5, 5, 6, 6, 7, 7, 8, 8, 9, 9], "loss": [2.050504846867722, 1.729730464502184, 1.4843543104525567, 1.2909961021276934, 1.132693666766193, 1.0515901886069698, 1.0385727311756565, 1.0252476665002705, 1.01293357094722, 1.001034042093037], "sec": [8.808351993560791, 1.3018076419830322, 9.163094758987427, 1.3414251804351807, 9.191291332244873, 1.3195083141326904, 9.783729314804077, 1.2899749279022217, 9.568584203720093, 1.3509745597839355, 9.39787220954895, 1.2816338539123535, 9.573498010635376, 1.326066255569458, 9.819201707839966, 1.3363409042358398, 9.617459774017334, 1.3238849639892578, 8.622979879379272, 1.2621181011199951], "lr": [0.0001, -1.0, 0.0001, -1.0, 0.0001, -1.0, 0.0001, -1.0, 0.0001, -1.0, 1e-05, -1.0, 1e-05, -1.0, 1e-05, -1.0, 1e-05, -1.0, 1e-05, -1.0], "acc": [0.37221666666666664, 0.57355, 0.6774, 0.7498833333333333, 0.79795, 0.8219, 0.8238666666666666, 0.8273166666666667, 0.8291833333333334, 0.8309833333333333], "er": [62.778333333333336, 42.644999999999996, 32.26, 25.011666666666667, 20.204999999999995, 17.810000000000002, 17.613333333333337, 17.26833333333333, 17.081666666666663, 16.90166666666667], "val_loss": [1.8727654233763489, 1.596105314508269, 1.3567832029318507, 1.191440639616568, 1.0462455998493145, 1.0199167426628402, 1.005456882941572, 0.9944828016848504, 0.9849087037617648, 0.9686619247062297], "val_acc": [0.4768, 0.6289, 0.7373, 0.7862, 0.815, 0.8349, 0.8412, 0.8428, 0.8436, 0.8461], "val_er": [52.32, 37.11, 26.270000000000003, 21.38, 18.500000000000007, 16.51, 15.880000000000006, 15.72, 15.639999999999999, 15.390000000000004]}