{"epoch": [0, 0, 1, 1, 2, 2, 3, 3, 4, 4, 5, 5, 6, 6, 7, 7, 8, 8, 9, 9], "loss": [2.286989451471422, 2.2313190253812873, 2.191337288061439, 2.1618220409604785, 2.1409551756722585, 2.1313898156700866, 2.1303091913398142, 2.12837585609859, 2.1269217345760323, 2.125464282056162], "sec": [7.240586757659912, 1.0994899272918701, 7.154757499694824, 1.151005744934082, 7.297940254211426, 1.1299071311950684, 7.265405893325806, 1.1282317638397217, 7.210832595825195, 1.1372222900390625, 7.123226881027222, 1.154731035232544, 7.301863670349121, 1.1162519454956055, 7.177239656448364, 1.09248685836792, 7.203714609146118, 1.1318459510803223, 7.145692586898804, 1.0444936752319336], "lr": [0.0001, -1.0, 0.0001, -1.0, 0.0001, -1.0, 0.0001, -1.0, 0.0001, -1.0, 1e-05, -1.0, 1e-05, -1.0, 1e-05, -1.0, 1e-05, -1.0, 1e-05, -1.0], "acc": [0.1403, 0.19141666666666668, 0.19866666666666666, 0.20651666666666665, 0.20478333333333334, 0.20443333333333333, 0.20465, 0.20521666666666666, 0.20483333333333334, 0.20523333333333332], "er": [85.97, 80.85833333333333, 80.13333333333334, 79.34833333333333, 79.52166666666668, 79.55666666666666, 79.535, 79.47833333333334, 79.51666666666667, 79.47666666666666], "val_loss": [2.2527719962445993, 2.2073917117299913, 2.1719460577904424, 2.1468829625769508, 2.1282104872450045, 2.1265231069130235, 2.1249738675129564, 2.123498370375814, 2.1220681938943984, 2.120708885072153], "val_acc": [0.1868, 0.203, 0.2081, 0.2078, 0.2069, 0.2074, 0.2072, 0.2071, 0.2078, 0.207], "val_er": [81.32000000000001, 79.69999999999999, 79.19, 79.22, 79.31, 79.25999999999999, 79.28, 79.28999999999999, 79.22, 79.3]}