{"epoch": [0, 0, 1, 1, 2, 2, 3, 3, 4, 4, 5, 5, 6, 6, 7, 7, 8, 8, 9, 9], "loss": [2.1570209595186114, 2.0653682787026932, 2.038393499754639, 2.0080610683986118, 1.9685086355026342, 1.9421776047647634, 1.9373519982356253, 1.9323930137955558, 1.9276698731156046, 1.9238913181239863], "sec": [7.341438055038452, 1.1247084140777588, 7.217097043991089, 1.1021413803100586, 7.08392071723938, 1.1265466213226318, 7.192591190338135, 1.0836093425750732, 7.09206485748291, 1.1154377460479736, 7.154312372207642, 1.1011087894439697, 7.128614902496338, 1.1024131774902344, 7.164600610733032, 1.0741541385650635, 7.16054630279541, 1.0944583415985107, 7.130225658416748, 1.1333954334259033], "lr": [0.001, -1.0, 0.001, -1.0, 0.001, -1.0, 0.001, -1.0, 0.001, -1.0, 0.0001, -1.0, 0.0001, -1.0, 0.0001, -1.0, 0.0001, -1.0, 0.0001, -1.0], "acc": [0.18846666666666667, 0.23326666666666668, 0.25705, 0.27791666666666665, 0.29961666666666664, 0.31065, 0.31338333333333335, 0.31556666666666666, 0.31683333333333336, 0.31775], "er": [81.15333333333334, 76.67333333333333, 74.295, 72.20833333333334, 70.03833333333334, 68.935, 68.66166666666666, 68.44333333333333, 68.31666666666666, 68.22500000000001], "val_loss": [2.0815298164947125, 2.047493577003479, 2.021072808700272, 1.986093062388746, 1.9546415232404877, 1.9383117533937286, 1.9333707320539257, 1.9288070141514646, 1.9247266371038896, 1.9197024469134174], "val_acc": [0.2219, 0.2546, 0.2659, 0.2871, 0.2997, 0.308, 0.3089, 0.3113, 0.3168, 0.317], "val_er": [77.81, 74.54, 73.41, 71.28999999999999, 70.02999999999999, 69.19999999999999, 69.11, 68.87, 68.32000000000001, 68.30000000000001]}