{"epoch": [0, 0, 1, 1, 2, 2, 3, 3, 4, 4, 5, 5, 6, 6, 7, 7, 8, 8, 9, 9], "loss": [2.2096282571617727, 2.095262787743672, 2.071029041367553, 2.0641164599197, 2.06208035915391, 2.0613065007398887, 2.0608204837038575, 2.0605774889114317, 2.060617044282112, 2.0601691421923607], "sec": [7.318457365036011, 1.0875334739685059, 7.144172668457031, 1.1017065048217773, 7.119960069656372, 1.0945804119110107, 7.223795413970947, 1.0826399326324463, 7.2030251026153564, 1.0920259952545166, 7.126311540603638, 1.0794808864593506, 7.252276182174683, 1.0767149925231934, 7.272249221801758, 1.0979268550872803, 7.255670785903931, 1.1087195873260498, 7.232686281204224, 1.0840957164764404], "lr": [0.001, -1.0, 0.001, -1.0, 0.001, -1.0, 0.001, -1.0, 0.001, -1.0, 0.0001, -1.0, 0.0001, -1.0, 0.0001, -1.0, 0.0001, -1.0, 0.0001, -1.0], "acc": [0.17638333333333334, 0.21463333333333334, 0.22605, 0.23085, 0.23025, 0.2302, 0.23066666666666666, 0.23176666666666668, 0.23115, 0.23068333333333332], "er": [82.36166666666666, 78.53666666666666, 77.395, 76.915, 76.975, 76.98, 76.93333333333334, 76.82333333333334, 76.885, 76.93166666666667], "val_loss": [2.1193695505963097, 2.0742698907852173, 2.062827246098579, 2.06136024450954, 2.0571326032469543, 2.059208483635625, 2.0580062458786785, 2.056748112545738, 2.057060892068887, 2.0564971513386014], "val_acc": [0.2008, 0.2148, 0.2191, 0.2224, 0.221, 0.222, 0.2221, 0.221, 0.2213, 0.2219], "val_er": [79.92, 78.52, 78.09, 77.76, 77.9, 77.8, 77.79, 77.9, 77.86999999999999, 77.81]}