{"epoch": [0, 0, 1, 1, 2, 2, 3, 3, 4, 4, 5, 5, 6, 6, 7, 7, 8, 8, 9, 9], "loss": [2.1709981706859205, 2.0644637775827825, 1.9932478882356492, 1.9282527465555968, 1.8667882205580852, 1.8322122780753096, 1.82642622136358, 1.8204340937295194, 1.8146640707943231, 1.8091656755028502], "sec": [7.52518367767334, 1.1907191276550293, 7.610367059707642, 1.1883416175842285, 7.479475736618042, 1.2187232971191406, 7.5675013065338135, 1.198998212814331, 7.5005104541778564, 1.2401299476623535, 7.5820183753967285, 1.1955373287200928, 7.492320775985718, 1.1633899211883545, 7.539240598678589, 1.1852262020111084, 7.631736755371094, 1.168492078781128, 7.688917875289917, 1.184587001800537], "lr": [0.0001, -1.0, 0.0001, -1.0, 0.0001, -1.0, 0.0001, -1.0, 0.0001, -1.0, 1e-05, -1.0, 1e-05, -1.0, 1e-05, -1.0, 1e-05, -1.0, 1e-05, -1.0], "acc": [0.2879, 0.38771666666666665, 0.44055, 0.4802666666666667, 0.52105, 0.54575, 0.5473, 0.54915, 0.5527, 0.55475], "er": [71.21, 61.22833333333333, 55.945, 51.973333333333336, 47.894999999999996, 45.425000000000004, 45.269999999999996, 45.084999999999994, 44.730000000000004, 44.525000000000006], "val_loss": [2.0986336514919617, 2.0205639615843567, 1.9533148128775102, 1.8887922990171215, 1.8264201321179354, 1.818515848509873, 1.8144139368322831, 1.8082741589485845, 1.798884157893024, 1.7954767504824867], "val_acc": [0.3655, 0.4177, 0.4629, 0.5047, 0.5495, 0.5505, 0.555, 0.5518, 0.5687, 0.5666], "val_er": [63.45, 58.230000000000004, 53.71, 49.529999999999994, 45.050000000000004, 44.95, 44.49999999999999, 44.82000000000001, 43.13, 43.34]}