{"epoch": [0, 0, 1, 1, 2, 2, 3, 3, 4, 4, 5, 5, 6, 6, 7, 7, 8, 8, 9, 9], "loss": [0.9720479266475767, 0.2685184503224359, 0.1695763536417154, 0.13139086972866484, 0.11183222380877812, 0.08879349163489174, 0.08604142361326513, 0.08461248175675935, 0.08252077114019694, 0.08119233744913962], "sec": [7.904513597488403, 1.203702688217163, 7.920273065567017, 1.1609444618225098, 7.86754298210144, 1.1606676578521729, 7.779409170150757, 1.1428275108337402, 7.846259832382202, 1.1886026859283447, 7.857372283935547, 1.2383322715759277, 7.771674871444702, 1.174515724182129, 7.793550729751587, 1.2024192810058594, 7.970860958099365, 1.1963255405426025, 7.91098165512085, 1.1559500694274902], "lr": [0.001, -1.0, 0.001, -1.0, 0.001, -1.0, 0.001, -1.0, 0.001, -1.0, 0.0001, -1.0, 0.0001, -1.0, 0.0001, -1.0, 0.0001, -1.0, 0.0001, -1.0], "acc": [0.8085166666666667, 0.94825, 0.9614833333333334, 0.9677166666666667, 0.97155, 0.9772833333333333, 0.9780333333333333, 0.9777666666666667, 0.9791, 0.9786666666666667], "er": [19.148333333333333, 5.174999999999996, 3.8516666666666644, 3.228333333333333, 2.8449999999999975, 2.271666666666672, 2.196666666666669, 2.2233333333333327, 2.090000000000003, 2.1333333333333315], "val_loss": [0.4029261637714845, 0.20813930190250843, 0.1394049133633888, 0.12526172543345374, 0.09523503432828415, 0.07323461748612455, 0.07340858923860744, 0.0718983779248746, 0.07044347269531293, 0.06971688675871], "val_acc": [0.9222, 0.9533, 0.9675, 0.9676, 0.9761, 0.9808, 0.9816, 0.9822, 0.9824, 0.9825], "val_er": [7.779999999999998, 4.669999999999996, 3.2499999999999973, 3.2399999999999984, 2.3900000000000032, 1.9199999999999995, 1.8399999999999972, 1.7800000000000038, 1.759999999999995, 1.749999999999996]}