{"epoch": [0, 0, 1, 1, 2, 2, 3, 3, 4, 4, 5, 5, 6, 6, 7, 7, 8, 8, 9, 9], "loss": [2.299970659874141, 2.2504873026662797, 2.2077345344811867, 2.1737679337133478, 2.148210417233042, 2.136870869695505, 2.13493764629242, 2.133427994591849, 2.131432651710917, 2.1296882969992503], "sec": [7.224035263061523, 1.094970464706421, 7.21095609664917, 1.0851428508758545, 7.165968894958496, 1.0858330726623535, 7.163015365600586, 1.0888307094573975, 7.192121982574463, 1.10880708694458, 7.146585941314697, 1.1017355918884277, 7.174802303314209, 1.0754539966583252, 7.178787469863892, 1.1162359714508057, 7.241227626800537, 1.1076056957244873, 7.229644536972046, 1.1010704040527344], "lr": [0.0001, -1.0, 0.0001, -1.0, 0.0001, -1.0, 0.0001, -1.0, 0.0001, -1.0, 1e-05, -1.0, 1e-05, -1.0, 1e-05, -1.0, 1e-05, -1.0, 1e-05, -1.0], "acc": [0.11126666666666667, 0.12096666666666667, 0.17615, 0.22303333333333333, 0.21758333333333332, 0.21393333333333334, 0.21428333333333333, 0.21333333333333335, 0.21276666666666666, 0.21228333333333332], "er": [88.87333333333333, 87.90333333333334, 82.38499999999999, 77.69666666666667, 78.24166666666666, 78.60666666666667, 78.57166666666666, 78.66666666666666, 78.72333333333333, 78.77166666666666], "val_loss": [2.2754181336752977, 2.2280578643460816, 2.1886318756055227, 2.1581784290603445, 2.1360166012486324, 2.1338799422300316, 2.1318689328205735, 2.1308343169055406, 2.1286774798284602, 2.1263207302817815], "val_acc": [0.1077, 0.126, 0.213, 0.2115, 0.207, 0.2085, 0.2095, 0.2089, 0.2059, 0.209], "val_er": [89.23, 87.4, 78.7, 78.85, 79.3, 79.14999999999999, 79.05, 79.11, 79.41, 79.10000000000001]}