{"epoch": [0, 0, 1, 1, 2, 2, 3, 3, 4, 4, 5, 5, 6, 6, 7, 7, 8, 8, 9, 9], "loss": [2.033154873451444, 1.645675411610715, 1.351935014287546, 1.1341730973867974, 0.9781701039912095, 0.9049467482546499, 0.8929332466776183, 0.8813023827731736, 0.8715991779431097, 0.8613837625680447], "sec": [7.654255628585815, 1.1386866569519043, 7.551513195037842, 1.137357234954834, 7.7367188930511475, 1.1508843898773193, 7.561431169509888, 1.1200122833251953, 7.684306859970093, 1.1188740730285645, 7.576953649520874, 1.1680738925933838, 7.5901265144348145, 1.1428461074829102, 7.5799243450164795, 1.2423408031463623, 7.532776355743408, 1.1115553379058838, 7.68328857421875, 1.150785207748413], "lr": [0.001, -1.0, 0.001, -1.0, 0.001, -1.0, 0.001, -1.0, 0.001, -1.0, 0.0001, -1.0, 0.0001, -1.0, 0.0001, -1.0, 0.0001, -1.0, 0.0001, -1.0], "acc": [0.38356666666666667, 0.5734166666666667, 0.6702, 0.7310666666666666, 0.7673666666666666, 0.7864333333333333, 0.7894833333333333, 0.79325, 0.794, 0.7962], "er": [61.64333333333334, 42.65833333333333, 32.98, 26.893333333333334, 23.263333333333335, 21.35666666666667, 21.05166666666667, 20.674999999999997, 20.599999999999994, 20.38], "val_loss": [1.8081865250309812, 1.468625411202636, 1.21079504188103, 1.018835139425495, 0.8799244452126419, 0.8637462145165552, 0.8528366473656667, 0.8440221585804903, 0.830605101736286, 0.8227038262765619], "val_acc": [0.4891, 0.652, 0.7015, 0.7585, 0.7958, 0.8039, 0.8026, 0.8064, 0.8053, 0.8114], "val_er": [51.09, 34.8, 29.849999999999998, 24.150000000000006, 20.420000000000005, 19.610000000000007, 19.740000000000002, 19.36, 19.47, 18.86]}