{"epoch": [0, 0, 1, 1, 2, 2, 3, 3, 4, 4, 5, 5, 6, 6, 7, 7, 8, 8, 9, 9], "loss": [2.166657650648658, 2.0737682593656754, 2.053399267481334, 2.031743266435066, 2.0004405367857356, 1.9772910006773243, 1.9723296546732694, 1.968319254135018, 1.9633467309256352, 1.9583474595917822], "sec": [7.157207012176514, 1.1065101623535156, 7.162323236465454, 1.1318168640136719, 7.129054546356201, 1.0812044143676758, 7.268458843231201, 1.0869529247283936, 7.180026054382324, 1.1132209300994873, 7.167189598083496, 1.0846810340881348, 7.151288032531738, 1.108649492263794, 7.20814061164856, 1.104003667831421, 7.239988803863525, 1.1167654991149902, 7.0747575759887695, 1.1004927158355713], "lr": [0.001, -1.0, 0.001, -1.0, 0.001, -1.0, 0.001, -1.0, 0.001, -1.0, 0.0001, -1.0, 0.0001, -1.0, 0.0001, -1.0, 0.0001, -1.0, 0.0001, -1.0], "acc": [0.18365, 0.23398333333333332, 0.2519, 0.26365, 0.28196666666666664, 0.29596666666666666, 0.29718333333333335, 0.2994, 0.3006, 0.3041833333333333], "er": [81.635, 76.60166666666667, 74.81, 73.635, 71.80333333333333, 70.40333333333334, 70.28166666666667, 70.06, 69.94, 69.58166666666668], "val_loss": [2.0875933079779903, 2.058584625207925, 2.041404876527907, 2.0152945186518414, 1.9797757049150104, 1.9752653988101814, 1.9698697705812092, 1.9646062745323665, 1.9601564573336252, 1.9551601138296006], "val_acc": [0.2102, 0.2397, 0.2443, 0.266, 0.2871, 0.2893, 0.2916, 0.2915, 0.2929, 0.2971], "val_er": [78.98, 76.03, 75.57000000000001, 73.4, 71.28999999999999, 71.07, 70.83999999999999, 70.85000000000001, 70.71000000000001, 70.29]}