{"epoch": [0, 0, 1, 1, 2, 2, 3, 3, 4, 4, 5, 5, 6, 6, 7, 7, 8, 8, 9, 9], "loss": [2.0405259739869694, 1.706732641405134, 1.45719829602028, 1.2593686362065233, 1.0970596171645468, 1.012663831080455, 0.9985251142017877, 0.9852606959180283, 0.9727912482930653, 0.9597738263195258], "sec": [8.114929914474487, 1.280092477798462, 9.23173189163208, 1.301663875579834, 9.228067874908447, 1.3194177150726318, 9.552008152008057, 1.2918639183044434, 9.788134574890137, 1.2593977451324463, 9.476092338562012, 1.2597360610961914, 9.450708866119385, 1.333096981048584, 9.612071514129639, 1.3264214992523193, 9.484593629837036, 1.3037781715393066, 9.758047819137573, 1.2985591888427734], "lr": [0.0001, -1.0, 0.0001, -1.0, 0.0001, -1.0, 0.0001, -1.0, 0.0001, -1.0, 1e-05, -1.0, 1e-05, -1.0, 1e-05, -1.0, 1e-05, -1.0, 1e-05, -1.0], "acc": [0.3796833333333333, 0.6021, 0.7197666666666667, 0.7859, 0.82555, 0.84345, 0.8464666666666667, 0.84835, 0.8518, 0.8528666666666667], "er": [62.031666666666666, 39.790000000000006, 28.023333333333333, 21.409999999999997, 17.445, 15.654999999999998, 15.35333333333333, 15.164999999999996, 14.82, 14.713333333333335], "val_loss": [1.845682983157001, 1.5556724690183807, 1.332193694537199, 1.1460101725179939, 1.0021723207039168, 0.9805077284197264, 0.966175572027134, 0.9518711929079853, 0.9394050995005837, 0.9221269186538986], "val_acc": [0.5306, 0.6784, 0.7495, 0.8209, 0.8574, 0.8605, 0.8648, 0.8655, 0.8686, 0.8717], "val_er": [46.940000000000005, 32.16, 25.049999999999994, 17.910000000000004, 14.259999999999994, 13.949999999999996, 13.52, 13.449999999999996, 13.139999999999997, 12.829999999999997]}