{"epoch": [0, 0, 1, 1, 2, 2, 3, 3, 4, 4, 5, 5, 6, 6, 7, 7, 8, 8, 9, 9], "loss": [2.1516997267696647, 2.0755264049908244, 2.0642317340318073, 2.062278773993063, 2.0604806414036863, 2.0586516201369034, 2.058561708627225, 2.0577062325182753, 2.0582228632115607, 2.058097117745292], "sec": [7.439827919006348, 1.0829906463623047, 7.381658315658569, 1.1129753589630127, 7.347660541534424, 1.165062427520752, 7.32616114616394, 1.1160542964935303, 7.317000865936279, 1.0906171798706055, 7.413520336151123, 1.148144006729126, 7.356377363204956, 1.1221511363983154, 7.281228303909302, 1.096801996231079, 7.5112998485565186, 1.1156904697418213, 7.297009229660034, 1.1799869537353516], "lr": [0.001, -1.0, 0.001, -1.0, 0.001, -1.0, 0.001, -1.0, 0.001, -1.0, 0.0001, -1.0, 0.0001, -1.0, 0.0001, -1.0, 0.0001, -1.0, 0.0001, -1.0], "acc": [0.19791666666666666, 0.22301666666666667, 0.22888333333333333, 0.22961666666666666, 0.23213333333333333, 0.23213333333333333, 0.23318333333333333, 0.23158333333333334, 0.23325, 0.2325], "er": [80.20833333333334, 77.69833333333334, 77.11166666666666, 77.03833333333333, 76.78666666666668, 76.78666666666668, 76.68166666666667, 76.84166666666667, 76.67500000000001, 76.75], "val_loss": [2.086115837097168, 2.0631087097940566, 2.0594910851007775, 2.05690747424017, 2.057132446313206, 2.0556111199946345, 2.0546682273285297, 2.054491302635096, 2.054304513750197, 2.054940354974964], "val_acc": [0.2089, 0.2196, 0.2219, 0.2253, 0.2273, 0.2216, 0.2239, 0.2235, 0.2241, 0.2231], "val_er": [79.11, 78.03999999999999, 77.81, 77.47, 77.27, 77.84, 77.61, 77.64999999999999, 77.59, 77.69]}