{"epoch": [0, 0, 1, 1, 2, 2, 3, 3, 4, 4, 5, 5, 6, 6, 7, 7, 8, 8, 9, 9], "loss": [1.275444472903636, 0.49566670718477734, 0.3007530069935805, 0.23125938046525027, 0.1948274560034402, 0.1547229269197755, 0.15016362237841335, 0.14779691142377568, 0.14529756637715074, 0.14338090438356024], "sec": [9.303186416625977, 1.1661362648010254, 9.31201720237732, 1.2496769428253174, 9.41367220878601, 1.193892002105713, 9.275852680206299, 1.251476526260376, 9.307612657546997, 1.1785192489624023, 9.565997123718262, 1.2444305419921875, 9.461601495742798, 1.2371587753295898, 9.574188947677612, 1.200242519378662, 9.646294832229614, 1.2469654083251953, 9.602505207061768, 1.1520977020263672], "lr": [0.001, -1.0, 0.001, -1.0, 0.001, -1.0, 0.001, -1.0, 0.001, -1.0, 0.0001, -1.0, 0.0001, -1.0, 0.0001, -1.0, 0.0001, -1.0, 0.0001, -1.0], "acc": [0.6961, 0.9068333333333334, 0.9357833333333333, 0.946, 0.9519666666666666, 0.9617333333333333, 0.9636833333333333, 0.9637, 0.9646166666666667, 0.96465], "er": [30.389999999999993, 9.316666666666663, 6.42166666666667, 5.400000000000005, 4.803333333333337, 3.826666666666667, 3.6316666666666664, 3.63, 3.538333333333332, 3.5349999999999993], "val_loss": [0.7134020622772507, 0.41739736987820153, 0.24015469585038438, 0.2428620069087306, 0.23292888785842097, 0.13852920977375174, 0.13354592654806904, 0.13494294306522683, 0.13393376307868504, 0.1294520696790158], "val_acc": [0.8573, 0.8977, 0.9481, 0.9344, 0.9317, 0.9642, 0.9672, 0.965, 0.9643, 0.967], "val_er": [14.270000000000005, 10.229999999999995, 5.189999999999994, 6.559999999999999, 6.830000000000003, 3.5800000000000054, 3.280000000000005, 3.500000000000003, 3.5699999999999954, 3.300000000000003]}