{"epoch": [0, 0, 1, 1, 2, 2, 3, 3, 4, 4, 5, 5, 6, 6, 7, 7, 8, 8, 9, 9], "loss": [2.2753638677251367, 2.2229579598156373, 2.1840562408666875, 2.156200422661137, 2.136152565860545, 2.1271755791930502, 2.1256915147878974, 2.1240910617019066, 2.123022731941646, 2.1218264575706107], "sec": [7.22277569770813, 1.092212200164795, 7.136126279830933, 1.0812618732452393, 7.152627468109131, 1.074817419052124, 7.178422927856445, 1.1094515323638916, 7.272897720336914, 1.1180121898651123, 7.1829750537872314, 1.0932745933532715, 7.32896089553833, 1.090806484222412, 7.293120861053467, 1.1326303482055664, 7.178837299346924, 1.076206922531128, 7.339226245880127, 1.0931932926177979], "lr": [0.0001, -1.0, 0.0001, -1.0, 0.0001, -1.0, 0.0001, -1.0, 0.0001, -1.0, 1e-05, -1.0, 1e-05, -1.0, 1e-05, -1.0, 1e-05, -1.0, 1e-05, -1.0], "acc": [0.1431, 0.2103, 0.20073333333333335, 0.19776666666666667, 0.19818333333333332, 0.19893333333333332, 0.1993, 0.19896666666666665, 0.19871666666666668, 0.19945], "er": [85.69, 78.97000000000001, 79.92666666666666, 80.22333333333333, 80.18166666666666, 80.10666666666667, 80.07, 80.10333333333334, 80.12833333333333, 80.05499999999999], "val_loss": [2.2456478287902057, 2.200225968904133, 2.16596699968169, 2.1423568212533297, 2.125313155258758, 2.123118700860422, 2.1222399533549443, 2.120637348935574, 2.1190767710721947, 2.117511390130731], "val_acc": [0.2154, 0.2003, 0.1968, 0.1945, 0.1967, 0.1979, 0.1969, 0.197, 0.1971, 0.1985], "val_er": [78.46, 79.97, 80.32000000000001, 80.55, 80.33, 80.21000000000001, 80.31, 80.3, 80.28999999999999, 80.15]}