{"epoch": [0, 0, 1, 1, 2, 2, 3, 3, 4, 4, 5, 5, 6, 6, 7, 7, 8, 8, 9, 9], "loss": [1.8751104536341197, 1.3406003467055525, 1.0088205706081919, 0.8194154198489972, 0.7062195834320492, 0.649473495193636, 0.641333611217389, 0.6336952285217577, 0.6270513697219556, 0.6203352791159901], "sec": [7.5072922706604, 1.2158238887786865, 7.630979537963867, 1.2101185321807861, 7.516911029815674, 1.1668026447296143, 7.476682662963867, 1.1752612590789795, 7.60323166847229, 1.2071704864501953, 7.60979700088501, 1.1974835395812988, 7.537887334823608, 1.1945621967315674, 7.562889099121094, 1.1691102981567383, 7.645888566970825, 1.1764521598815918, 7.723143100738525, 1.1510145664215088], "lr": [0.001, -1.0, 0.001, -1.0, 0.001, -1.0, 0.001, -1.0, 0.001, -1.0, 0.0001, -1.0, 0.0001, -1.0, 0.0001, -1.0, 0.0001, -1.0, 0.0001, -1.0], "acc": [0.4955, 0.7153166666666667, 0.7868666666666667, 0.8179666666666666, 0.8361666666666666, 0.8505833333333334, 0.8532333333333333, 0.8548666666666667, 0.8552, 0.8572333333333333], "er": [50.449999999999996, 28.46833333333333, 21.31333333333333, 18.203333333333337, 16.38333333333334, 14.941666666666665, 14.676666666666671, 14.513333333333334, 14.480000000000004, 14.27666666666667], "val_loss": [1.5510198496565033, 1.113751942598367, 0.8727348054511638, 0.7234756448600865, 0.6252776557886148, 0.6102594201323353, 0.6061653992797755, 0.5975334904616392, 0.5860464901109285, 0.5825292913219596], "val_acc": [0.6684, 0.777, 0.8168, 0.8371, 0.8614, 0.8633, 0.8628, 0.867, 0.8674, 0.8676], "val_er": [33.160000000000004, 22.299999999999997, 18.320000000000004, 16.290000000000006, 13.859999999999994, 13.670000000000005, 13.719999999999999, 13.3, 13.260000000000005, 13.239999999999997]}