{"epoch": [0, 0, 1, 1, 2, 2, 3, 3, 4, 4, 5, 5, 6, 6, 7, 7, 8, 8, 9, 9], "loss": [0.9961486215403339, 0.271388845530146, 0.17063504489245954, 0.13309007153899938, 0.11153143794456524, 0.08990162344121222, 0.08667864439997083, 0.08505994730444351, 0.08356221970607604, 0.08237297494989088], "sec": [7.895961046218872, 1.1639745235443115, 7.8335280418396, 1.145188808441162, 7.861478567123413, 1.163360357284546, 7.8165507316589355, 1.2130563259124756, 7.879665374755859, 1.1969830989837646, 7.808421850204468, 1.2028028964996338, 7.93793511390686, 1.225346565246582, 7.972143650054932, 1.2334136962890625, 7.773759126663208, 1.2188618183135986, 7.835108280181885, 1.2395820617675781], "lr": [0.001, -1.0, 0.001, -1.0, 0.001, -1.0, 0.001, -1.0, 0.001, -1.0, 0.0001, -1.0, 0.0001, -1.0, 0.0001, -1.0, 0.0001, -1.0, 0.0001, -1.0], "acc": [0.8031333333333334, 0.9474166666666667, 0.9618166666666667, 0.9665666666666667, 0.9709666666666666, 0.9769166666666667, 0.9775666666666667, 0.9785333333333334, 0.9783666666666667, 0.9788333333333333], "er": [19.686666666666664, 5.258333333333331, 3.8183333333333347, 3.3433333333333315, 2.9033333333333355, 2.3083333333333345, 2.2433333333333305, 2.1466666666666634, 2.1633333333333282, 2.1166666666666667], "val_loss": [0.37957699031014985, 0.19515541568398476, 0.13398504188826568, 0.11696730195721493, 0.09457951833647263, 0.07398997505985294, 0.07245100602578325, 0.0726455433966144, 0.07055284219051275, 0.06996592065272263], "val_acc": [0.9419, 0.9575, 0.9682, 0.9687, 0.9749, 0.9814, 0.9806, 0.9808, 0.9815, 0.9822], "val_er": [5.810000000000004, 4.249999999999998, 3.180000000000005, 3.1299999999999994, 2.510000000000001, 1.859999999999995, 1.9399999999999973, 1.9199999999999995, 1.849999999999996, 1.7800000000000038]}