{"epoch": [0, 0, 1, 1, 2, 2, 3, 3, 4, 4, 5, 5, 6, 6, 7, 7, 8, 8, 9, 9], "loss": [2.2735482670350877, 2.227260017700033, 2.1872656431787814, 2.1572686644759513, 2.136061392359134, 2.1266848664802276, 2.1250320406102423, 2.123783095813255, 2.1224144237127893, 2.1213383623786064], "sec": [7.347770929336548, 1.0896501541137695, 7.326507806777954, 1.1603188514709473, 7.309130430221558, 1.117262363433838, 7.2326624393463135, 1.1261813640594482, 7.323781728744507, 1.1231114864349365, 7.222858667373657, 1.128615140914917, 7.370000600814819, 1.0985264778137207, 7.333404541015625, 1.0857131481170654, 7.292494535446167, 1.110828161239624, 7.289039611816406, 1.2235889434814453], "lr": [0.0001, -1.0, 0.0001, -1.0, 0.0001, -1.0, 0.0001, -1.0, 0.0001, -1.0, 1e-05, -1.0, 1e-05, -1.0, 1e-05, -1.0, 1e-05, -1.0, 1e-05, -1.0], "acc": [0.16198333333333334, 0.16143333333333335, 0.18883333333333333, 0.21486666666666668, 0.20758333333333334, 0.20651666666666665, 0.20605, 0.20561666666666667, 0.20603333333333335, 0.20635], "er": [83.80166666666666, 83.85666666666667, 81.11666666666667, 78.51333333333334, 79.24166666666666, 79.34833333333333, 79.395, 79.43833333333333, 79.39666666666668, 79.365], "val_loss": [2.248286654677572, 2.2031284072731117, 2.1682131954386263, 2.1426594770407377, 2.1248609431182284, 2.1230419647844534, 2.121828365929519, 2.1201562926739075, 2.1186887569065336, 2.117005224469342], "val_acc": [0.1598, 0.1598, 0.2242, 0.2103, 0.2062, 0.2077, 0.2059, 0.206, 0.2079, 0.2076], "val_er": [84.02000000000001, 84.02000000000001, 77.58, 78.97000000000001, 79.38000000000001, 79.23, 79.41, 79.4, 79.21000000000001, 79.24]}