{"epoch": [0, 0, 1, 1, 2, 2, 3, 3, 4, 4, 5, 5, 6, 6, 7, 7, 8, 8, 9, 9], "loss": [2.2987078415559554, 2.262841553576211, 2.23331673567229, 2.2076716595875427, 2.1841269454468035, 2.1725615951806496, 2.1707117496523014, 2.1691482433123883, 2.166904302548244, 2.1654917273694263], "sec": [7.189922094345093, 1.0929758548736572, 7.164384841918945, 1.113962173461914, 7.071595191955566, 1.0819737911224365, 7.19763445854187, 1.1188888549804688, 7.180814743041992, 1.0946111679077148, 7.173473358154297, 1.0830214023590088, 7.156015396118164, 1.1295669078826904, 7.227492094039917, 1.1109211444854736, 7.19547176361084, 1.0779407024383545, 7.196457386016846, 1.110196828842163], "lr": [0.0001, -1.0, 0.0001, -1.0, 0.0001, -1.0, 0.0001, -1.0, 0.0001, -1.0, 1e-05, -1.0, 1e-05, -1.0, 1e-05, -1.0, 1e-05, -1.0, 1e-05, -1.0], "acc": [0.12618333333333334, 0.1658, 0.20016666666666666, 0.19491666666666665, 0.19368333333333335, 0.19291666666666665, 0.19331666666666666, 0.19366666666666665, 0.19385, 0.19353333333333333], "er": [87.38166666666667, 83.42, 79.98333333333333, 80.50833333333334, 80.63166666666667, 80.70833333333334, 80.66833333333334, 80.63333333333334, 80.61500000000001, 80.64666666666666], "val_loss": [2.278830510151537, 2.246148239208173, 2.218047836158849, 2.19362765927858, 2.170419717136818, 2.1691297911390475, 2.1671528906761846, 2.1652876787547823, 2.16342540028729, 2.1618138928956623], "val_acc": [0.1272, 0.2053, 0.198, 0.1933, 0.1939, 0.1925, 0.1936, 0.1941, 0.1939, 0.1941], "val_er": [87.28, 79.47, 80.2, 80.67, 80.61, 80.75, 80.64, 80.59, 80.61, 80.59]}