{"epoch": [0, 0, 1, 1, 2, 2, 3, 3, 4, 4, 5, 5, 6, 6, 7, 7, 8, 8, 9, 9], "loss": [2.290435252159135, 2.231164848372372, 2.188586368743799, 2.157742972058782, 2.1364049209968874, 2.1271556755627143, 2.1259150377977125, 2.1239495465496203, 2.122799070405045, 2.1210599044746936], "sec": [7.356459617614746, 1.0872952938079834, 7.281674385070801, 1.084049940109253, 7.1951375007629395, 1.0945770740509033, 7.304763317108154, 1.1331748962402344, 7.270745515823364, 1.091170072555542, 7.299530506134033, 1.0917396545410156, 7.210875034332275, 1.120255947113037, 7.304924249649048, 1.1363120079040527, 7.339133024215698, 1.0979080200195312, 7.459216833114624, 1.085188388824463], "lr": [0.0001, -1.0, 0.0001, -1.0, 0.0001, -1.0, 0.0001, -1.0, 0.0001, -1.0, 1e-05, -1.0, 1e-05, -1.0, 1e-05, -1.0, 1e-05, -1.0, 1e-05, -1.0], "acc": [0.12461666666666667, 0.15636666666666665, 0.21196666666666666, 0.20383333333333334, 0.20195, 0.202, 0.20258333333333334, 0.20303333333333334, 0.2023, 0.20301666666666668], "er": [87.53833333333333, 84.36333333333333, 78.80333333333334, 79.61666666666667, 79.805, 79.80000000000001, 79.74166666666666, 79.69666666666666, 79.77, 79.69833333333334], "val_loss": [2.2585933117926875, 2.2072258931172044, 2.1702448024025447, 2.1437950828407386, 2.1254245480404625, 2.12394775318194, 2.1226421715338017, 2.1213929426820974, 2.119738023492354, 2.1180646751500385], "val_acc": [0.1426, 0.1616, 0.204, 0.1995, 0.2007, 0.1999, 0.1999, 0.1984, 0.1991, 0.2009], "val_er": [85.74, 83.84, 79.60000000000001, 80.05, 79.93, 80.01, 80.01, 80.16, 80.08999999999999, 79.91]}