{"epoch": [0, 0, 1, 1, 2, 2, 3, 3, 4, 4, 5, 5, 6, 6, 7, 7, 8, 8, 9, 9], "loss": [2.2330040097999166, 2.155638897088545, 2.1010539419869625, 2.0495967831947146, 2.000600054574165, 1.9742045427944614, 1.9695444201101373, 1.9651363383986549, 1.9606418274104722, 1.9562625620665073], "sec": [7.464759588241577, 1.1721301078796387, 7.58631706237793, 1.1514196395874023, 7.6725897789001465, 1.1208922863006592, 7.584748029708862, 1.161691665649414, 7.57639741897583, 1.107677936553955, 7.625322341918945, 1.135199785232544, 7.676498889923096, 1.1244912147521973, 7.542689085006714, 1.1608555316925049, 7.573704719543457, 1.182678461074829, 7.546332836151123, 1.175882339477539], "lr": [0.0001, -1.0, 0.0001, -1.0, 0.0001, -1.0, 0.0001, -1.0, 0.0001, -1.0, 1e-05, -1.0, 1e-05, -1.0, 1e-05, -1.0, 1e-05, -1.0, 1e-05, -1.0], "acc": [0.21663333333333334, 0.3, 0.3437, 0.3945, 0.42031666666666667, 0.4441333333333333, 0.4478666666666667, 0.4511, 0.4511833333333333, 0.45613333333333334], "er": [78.33666666666666, 70.0, 65.63, 60.54999999999999, 57.968333333333334, 55.58666666666667, 55.21333333333334, 54.88999999999999, 54.881666666666675, 54.38666666666667], "val_loss": [2.181067674974852, 2.1223658006402513, 2.0691840256316754, 2.016717438456378, 1.9684716749794875, 1.963014490996735, 1.9585725838624979, 1.9531140719787985, 1.9500504852850227, 1.9444549808019325], "val_acc": [0.2827, 0.3208, 0.3766, 0.4089, 0.4475, 0.4516, 0.4529, 0.4606, 0.4611, 0.464], "val_er": [71.73, 67.92, 62.339999999999996, 59.11, 55.25, 54.84, 54.709999999999994, 53.94, 53.88999999999999, 53.6]}