{"epoch": [0, 0, 1, 1, 2, 2, 3, 3, 4, 4, 5, 5, 6, 6, 7, 7, 8, 8, 9, 9], "loss": [2.2689109890699894, 2.1981790594454766, 2.1541606902059462, 2.126509172321637, 2.1096542844894346, 2.1022774827505732, 2.1010049551026397, 2.0999886359233084, 2.0988805367748364, 2.0977184909747355], "sec": [7.228124380111694, 1.076974868774414, 7.192901372909546, 1.0849196910858154, 7.176352262496948, 1.0711536407470703, 7.204905033111572, 1.0973641872406006, 7.255646467208862, 1.0764360427856445, 7.203320503234863, 1.0618228912353516, 7.34703803062439, 1.075502872467041, 7.296265125274658, 1.0730912685394287, 7.270521640777588, 1.1108291149139404, 7.266396760940552, 1.1441004276275635], "lr": [0.0001, -1.0, 0.0001, -1.0, 0.0001, -1.0, 0.0001, -1.0, 0.0001, -1.0, 1e-05, -1.0, 1e-05, -1.0, 1e-05, -1.0, 1e-05, -1.0, 1e-05, -1.0], "acc": [0.11646666666666666, 0.1589, 0.20655, 0.20406666666666667, 0.20753333333333332, 0.20835, 0.2099, 0.20925, 0.20866666666666667, 0.20945], "er": [88.35333333333332, 84.11, 79.345, 79.59333333333333, 79.24666666666667, 79.16499999999999, 79.01, 79.075, 79.13333333333334, 79.05499999999999], "val_loss": [2.2273412384564364, 2.1729831454120103, 2.136337005639378, 2.1138850088360943, 2.0997948103313204, 2.0988925574701045, 2.097525693193267, 2.096652504764026, 2.0956833438028264, 2.0941126286229], "val_acc": [0.1196, 0.2163, 0.202, 0.2052, 0.2067, 0.2063, 0.2071, 0.2073, 0.2072, 0.2078], "val_er": [88.03999999999999, 78.37, 79.80000000000001, 79.47999999999999, 79.33, 79.36999999999999, 79.28999999999999, 79.27, 79.28, 79.22]}