{"epoch": [0, 0, 1, 1, 2, 2, 3, 3, 4, 4, 5, 5, 6, 6, 7, 7, 8, 8, 9, 9], "loss": [2.2390446937414628, 2.1603401729038785, 2.1258832841539688, 2.106836203573101, 2.0948890592497804, 2.0896816088446677, 2.0886381229103756, 2.088410057492856, 2.0872339526219155, 2.0864001456608396], "sec": [7.3079447746276855, 1.0725715160369873, 7.164366722106934, 1.1090037822723389, 7.195206880569458, 1.0871567726135254, 7.194713354110718, 1.1074955463409424, 7.1679298877716064, 1.0925922393798828, 7.264308929443359, 1.0847253799438477, 7.161661386489868, 1.0942511558532715, 7.177402019500732, 1.0702617168426514, 7.184627056121826, 1.0718719959259033, 7.212829351425171, 1.082493782043457], "lr": [0.0001, -1.0, 0.0001, -1.0, 0.0001, -1.0, 0.0001, -1.0, 0.0001, -1.0, 1e-05, -1.0, 1e-05, -1.0, 1e-05, -1.0, 1e-05, -1.0, 1e-05, -1.0], "acc": [0.19653333333333334, 0.20941666666666667, 0.20745, 0.20805, 0.2118, 0.21353333333333332, 0.21348333333333333, 0.21385, 0.21513333333333334, 0.21486666666666668], "er": [80.34666666666666, 79.05833333333334, 79.255, 79.195, 78.82000000000001, 78.64666666666666, 78.65166666666667, 78.615, 78.48666666666666, 78.51333333333334], "val_loss": [2.185911948167825, 2.135972668852987, 2.1107112803036654, 2.0962212070634094, 2.086268200150019, 2.0861358325692674, 2.084438535231578, 2.083667243583293, 2.0828615532645696, 2.0820506192460844], "val_acc": [0.2145, 0.2088, 0.2106, 0.2109, 0.211, 0.2107, 0.2105, 0.2112, 0.2124, 0.2121], "val_er": [78.55, 79.12, 78.94, 78.91, 78.9, 78.93, 78.95, 78.88, 78.75999999999999, 78.79]}