{"epoch": [0, 0, 1, 1, 2, 2, 3, 3, 4, 4, 5, 5, 6, 6, 7, 7, 8, 8, 9, 9], "loss": [2.1138552745013857, 2.0521936907188723, 2.014710633993657, 1.9564409103474891, 1.8882945905616288, 1.849065298973116, 1.8420383432018224, 1.8361265468699084, 1.8295014781484218, 1.8234004654101472], "sec": [7.2807958126068115, 1.116201400756836, 7.157073497772217, 1.1320202350616455, 7.19507622718811, 1.1526167392730713, 7.195938587188721, 1.1060922145843506, 7.247443675994873, 1.0686147212982178, 7.139007091522217, 1.1964101791381836, 7.207366466522217, 1.1101255416870117, 7.166197776794434, 1.1330080032348633, 7.172830820083618, 1.085758924484253, 7.226362943649292, 1.129805564880371], "lr": [0.001, -1.0, 0.001, -1.0, 0.001, -1.0, 0.001, -1.0, 0.001, -1.0, 0.0001, -1.0, 0.0001, -1.0, 0.0001, -1.0, 0.0001, -1.0, 0.0001, -1.0], "acc": [0.21548333333333333, 0.2523666666666667, 0.28071666666666667, 0.31166666666666665, 0.3335666666666667, 0.35133333333333333, 0.35196666666666665, 0.35186666666666666, 0.3538, 0.35535], "er": [78.45166666666667, 74.76333333333334, 71.92833333333333, 68.83333333333333, 66.64333333333333, 64.86666666666667, 64.80333333333334, 64.81333333333333, 64.62, 64.46499999999999], "val_loss": [2.063985406597958, 2.0361583338508122, 1.986662377285052, 1.9277873069425173, 1.852637988102587, 1.8459275432779818, 1.8401175239418126, 1.832001805305481, 1.826576379281056, 1.8202453700801995], "val_acc": [0.2347, 0.2553, 0.2892, 0.3231, 0.3476, 0.3497, 0.3538, 0.3568, 0.3597, 0.3585], "val_er": [76.53, 74.47, 71.08, 67.69000000000001, 65.24, 65.03, 64.62, 64.32, 64.03, 64.14999999999999]}