{"epoch": [0, 0, 1, 1, 2, 2, 3, 3, 4, 4, 5, 5, 6, 6, 7, 7, 8, 8, 9, 9], "loss": [2.2180584478479966, 2.0499845715219784, 1.8910425329513387, 1.7448219787845733, 1.6182102651230053, 1.553552365252204, 1.542135373615761, 1.5313657003679255, 1.5212268554833905, 1.511250290026797], "sec": [7.663153886795044, 1.154392957687378, 7.620835781097412, 1.156449556350708, 7.676374197006226, 1.1676628589630127, 7.7233452796936035, 1.1678943634033203, 7.826986312866211, 1.117004156112671, 7.787579774856567, 1.1201322078704834, 7.822732448577881, 1.1413378715515137, 7.721797466278076, 1.1628243923187256, 7.652819395065308, 1.1310782432556152, 7.7564697265625, 1.1604652404785156], "lr": [0.0001, -1.0, 0.0001, -1.0, 0.0001, -1.0, 0.0001, -1.0, 0.0001, -1.0, 1e-05, -1.0, 1e-05, -1.0, 1e-05, -1.0, 1e-05, -1.0, 1e-05, -1.0], "acc": [0.2198, 0.43378333333333335, 0.5037666666666667, 0.5538833333333333, 0.60055, 0.619, 0.6243666666666666, 0.6296333333333334, 0.6326, 0.6367666666666667], "er": [78.02, 56.621666666666655, 49.62333333333333, 44.61166666666667, 39.945, 38.1, 37.56333333333334, 37.03666666666666, 36.739999999999995, 36.32333333333333], "val_loss": [2.128475702261623, 1.9634484897685955, 1.8012945169134984, 1.6642191696770583, 1.5491797667515428, 1.5289536593835564, 1.5205352230917049, 1.5074149687078935, 1.49828579757787, 1.4889605256575573], "val_acc": [0.3813, 0.485, 0.5374, 0.5827, 0.6257, 0.6325, 0.6407, 0.6439, 0.6471, 0.6501], "val_er": [61.870000000000005, 51.5, 46.26, 41.730000000000004, 37.43, 36.75000000000001, 35.92999999999999, 35.61, 35.29, 34.99]}