{"epoch": [0, 0, 1, 1, 2, 2, 3, 3, 4, 4, 5, 5, 6, 6, 7, 7, 8, 8, 9, 9], "loss": [1.2473625896581964, 0.4766004836635549, 0.2987972258695407, 0.23334151911519485, 0.2011746946078882, 0.15952074279917328, 0.15473661376342082, 0.15171530134261035, 0.1496182679653422, 0.1475688065451854], "sec": [9.260524034500122, 1.2676739692687988, 9.244204759597778, 1.164097785949707, 9.314976692199707, 1.1806056499481201, 9.426332712173462, 1.1670260429382324, 9.322960615158081, 1.1958560943603516, 9.463576793670654, 1.2605226039886475, 9.456166744232178, 1.190864086151123, 9.49801254272461, 1.198530912399292, 9.619630813598633, 1.2335948944091797, 9.67179536819458, 1.1445019245147705], "lr": [0.001, -1.0, 0.001, -1.0, 0.001, -1.0, 0.001, -1.0, 0.001, -1.0, 0.0001, -1.0, 0.0001, -1.0, 0.0001, -1.0, 0.0001, -1.0, 0.0001, -1.0], "acc": [0.7166666666666667, 0.90865, 0.9348666666666666, 0.9455166666666667, 0.94985, 0.9604333333333334, 0.9618166666666667, 0.9629, 0.9635333333333334, 0.96315], "er": [28.333333333333332, 9.135000000000005, 6.513333333333337, 5.448333333333332, 5.015000000000002, 3.956666666666664, 3.8183333333333347, 3.710000000000002, 3.6466666666666647, 3.685000000000005], "val_loss": [0.6948131594476821, 0.32994491899315315, 0.2340496989745128, 0.2115406279888334, 0.20150773175343684, 0.14289250121086458, 0.13915493485482433, 0.13986033158777636, 0.13417765792883649, 0.13850058664721024], "val_acc": [0.8822, 0.9347, 0.9465, 0.9494, 0.944, 0.9641, 0.9656, 0.9656, 0.9658, 0.9653], "val_er": [11.780000000000001, 6.530000000000003, 5.35, 5.059999999999998, 5.600000000000005, 3.5900000000000043, 3.4399999999999986, 3.4399999999999986, 3.420000000000001, 3.4699999999999953]}