{"epoch": [0, 0, 1, 1, 2, 2, 3, 3, 4, 4, 5, 5, 6, 6, 7, 7, 8, 8, 9, 9], "loss": [1.641455269317383, 0.908729966515417, 0.5956023188033847, 0.4536790194541915, 0.36977776325841955, 0.3182417889838534, 0.31116777849095717, 0.30597991596406965, 0.3013053640945634, 0.2960594021308143], "sec": [8.016140222549438, 1.1802582740783691, 7.895442724227905, 1.1466541290283203, 7.854212999343872, 1.1720857620239258, 7.899118423461914, 1.1690423488616943, 7.785050630569458, 1.150191068649292, 7.847045660018921, 1.1365892887115479, 7.87774395942688, 1.1985704898834229, 7.778040170669556, 1.1910738945007324, 7.992993354797363, 1.186718225479126, 8.00820255279541, 1.1817357540130615], "lr": [0.001, -1.0, 0.001, -1.0, 0.001, -1.0, 0.001, -1.0, 0.001, -1.0, 0.0001, -1.0, 0.0001, -1.0, 0.0001, -1.0, 0.0001, -1.0, 0.0001, -1.0], "acc": [0.5277166666666666, 0.8078833333333333, 0.8726333333333334, 0.8977833333333334, 0.9135833333333333, 0.9255166666666667, 0.9277666666666666, 0.9297666666666666, 0.92975, 0.9313666666666667], "er": [47.22833333333334, 19.211666666666673, 12.736666666666663, 10.221666666666662, 8.64166666666667, 7.448333333333334, 7.223333333333337, 7.023333333333337, 7.025000000000004, 6.863333333333332], "val_loss": [1.1501156461389759, 0.6754154212112669, 0.5098954691917081, 0.3839658291279515, 0.3408736122559898, 0.28646585797961754, 0.28195524187404897, 0.2777821649856205, 0.27111475216814235, 0.26727105186709876], "val_acc": [0.7726, 0.8703, 0.8942, 0.9191, 0.9206, 0.9379, 0.9376, 0.939, 0.9404, 0.9402], "val_er": [22.740000000000006, 12.970000000000004, 10.58, 8.089999999999996, 7.940000000000003, 6.210000000000004, 6.240000000000001, 6.100000000000005, 5.959999999999999, 5.979999999999997]}