{"epoch": [0, 0, 1, 1, 2, 2, 3, 3, 4, 4, 5, 5, 6, 6, 7, 7, 8, 8, 9, 9], "loss": [2.170627118682048, 2.0718585819577866, 2.0011596672062173, 1.9366324624018882, 1.8761657862775107, 1.8431122343677449, 1.8373437975007079, 1.8312387705357598, 1.8257209489594644, 1.8196943459480301], "sec": [7.81470799446106, 1.1965687274932861, 7.655149936676025, 1.2020823955535889, 7.635955810546875, 1.1950066089630127, 7.64794921875, 1.1668939590454102, 7.693413496017456, 1.188401222229004, 7.686843156814575, 1.1734180450439453, 7.756580829620361, 1.1302204132080078, 7.634050369262695, 1.153000831604004, 7.67607307434082, 1.1217455863952637, 7.690073251724243, 1.1144139766693115], "lr": [0.0001, -1.0, 0.0001, -1.0, 0.0001, -1.0, 0.0001, -1.0, 0.0001, -1.0, 1e-05, -1.0, 1e-05, -1.0, 1e-05, -1.0, 1e-05, -1.0, 1e-05, -1.0], "acc": [0.19653333333333334, 0.2981333333333333, 0.3981, 0.4502333333333333, 0.4831666666666667, 0.5029166666666667, 0.5058666666666667, 0.5093833333333333, 0.5117333333333334, 0.5149166666666667], "er": [80.34666666666666, 70.18666666666667, 60.19, 54.976666666666674, 51.68333333333332, 49.70833333333333, 49.413333333333334, 49.06166666666667, 48.82666666666666, 48.50833333333333], "val_loss": [2.1066566298279583, 2.0285848137698594, 1.9632437802568268, 1.8979374049585076, 1.83942401560047, 1.8314255506177493, 1.8277577916278114, 1.8190394821046274, 1.8126370605034163, 1.809725301175178], "val_acc": [0.2393, 0.36, 0.4235, 0.464, 0.502, 0.5073, 0.5084, 0.5173, 0.5219, 0.517], "val_er": [76.07, 64.0, 57.65, 53.6, 49.8, 49.27, 49.160000000000004, 48.27, 47.809999999999995, 48.3]}