{"epoch": [0, 0, 1, 1, 2, 2, 3, 3, 4, 4, 5, 5, 6, 6, 7, 7, 8, 8, 9, 9], "loss": [2.2894652855675868, 2.233513148862924, 2.1952612776237763, 2.1648791329438755, 2.141258284989705, 2.1309529133697054, 2.1292274445613057, 2.127491254542174, 2.1256116732859662, 2.1242579544531], "sec": [7.332155227661133, 1.0843086242675781, 7.104591608047485, 1.072878122329712, 7.11539888381958, 1.069188117980957, 7.128976583480835, 1.137261152267456, 7.138370037078857, 1.0683627128601074, 7.10345196723938, 1.1001465320587158, 7.138657093048096, 1.0776855945587158, 7.18701696395874, 1.0920953750610352, 7.159770727157593, 1.0957190990447998, 7.149512052536011, 1.0835604667663574], "lr": [0.0001, -1.0, 0.0001, -1.0, 0.0001, -1.0, 0.0001, -1.0, 0.0001, -1.0, 1e-05, -1.0, 1e-05, -1.0, 1e-05, -1.0, 1e-05, -1.0, 1e-05, -1.0], "acc": [0.07988333333333333, 0.17661666666666667, 0.19041666666666668, 0.20271666666666666, 0.20813333333333334, 0.20763333333333334, 0.2079, 0.20826666666666666, 0.20745, 0.20741666666666667], "er": [92.01166666666667, 82.33833333333334, 80.95833333333333, 79.72833333333334, 79.18666666666667, 79.23666666666666, 79.21000000000001, 79.17333333333335, 79.255, 79.25833333333333], "val_loss": [2.2548696391190153, 2.210984715932532, 2.176229510126235, 2.1497955925856966, 2.128566346591032, 2.1266203756573834, 2.125383488739593, 2.123491596572007, 2.1223742720447007, 2.120145910902868], "val_acc": [0.134, 0.1905, 0.1887, 0.1995, 0.2012, 0.2003, 0.2, 0.1999, 0.1994, 0.2002], "val_er": [86.6, 80.95, 81.13, 80.05, 79.88, 79.97, 80.0, 80.01, 80.06, 79.98]}