{"epoch": [0, 0, 1, 1, 2, 2, 3, 3, 4, 4, 5, 5, 6, 6, 7, 7, 8, 8, 9, 9], "loss": [2.021683779098332, 1.72154927584154, 1.533415306097409, 1.407572408983194, 1.320467531553972, 1.2763776891012943, 1.269134772357656, 1.2635094578078052, 1.2567241412998518, 1.251188996758288], "sec": [7.660986661911011, 1.1721467971801758, 7.632817268371582, 1.1941430568695068, 7.595227956771851, 1.20274019241333, 7.641710996627808, 1.1520588397979736, 7.598809480667114, 1.1809284687042236, 7.596298933029175, 1.1828155517578125, 7.803864002227783, 1.143867015838623, 7.6253015995025635, 1.1574721336364746, 7.725996017456055, 1.2007017135620117, 7.78576397895813, 1.1856777667999268], "lr": [0.001, -1.0, 0.001, -1.0, 0.001, -1.0, 0.001, -1.0, 0.001, -1.0, 0.0001, -1.0, 0.0001, -1.0, 0.0001, -1.0, 0.0001, -1.0, 0.0001, -1.0], "acc": [0.30791666666666667, 0.4347, 0.4961833333333333, 0.5366166666666666, 0.5640666666666667, 0.5862666666666667, 0.5885166666666667, 0.5896666666666667, 0.59255, 0.5926666666666667], "er": [69.20833333333334, 56.53, 50.38166666666667, 46.33833333333334, 43.59333333333333, 41.37333333333333, 41.14833333333333, 41.03333333333333, 40.745, 40.733333333333334], "val_loss": [1.8362402236914332, 1.602317313604717, 1.4459694186343421, 1.3382838783384878, 1.2578890097292164, 1.2450249874139134, 1.2390968716597255, 1.2333634239208848, 1.2262310868577113, 1.222541025167779], "val_acc": [0.3697, 0.4824, 0.5289, 0.5717, 0.593, 0.6007, 0.5952, 0.5955, 0.6024, 0.6029], "val_er": [63.03000000000001, 51.760000000000005, 47.11, 42.83, 40.7, 39.93, 40.480000000000004, 40.449999999999996, 39.76, 39.71]}