{"epoch": [0, 0, 1, 1, 2, 2, 3, 3, 4, 4, 5, 5, 6, 6, 7, 7, 8, 8, 9, 9], "loss": [2.258377960750035, 2.1810754911223453, 2.1302774359168275, 2.08488942666857, 2.041957988159489, 2.0186919972840656, 2.0144536558753137, 2.0103780704774836, 2.0063438247770136, 2.002208054446971], "sec": [7.5988335609436035, 1.1288225650787354, 7.607855319976807, 1.173593282699585, 7.568741798400879, 1.1708202362060547, 7.524562358856201, 1.1535911560058594, 7.597339630126953, 1.17319655418396, 7.638640403747559, 1.1507525444030762, 7.592915773391724, 1.21250319480896, 7.569532871246338, 1.1483943462371826, 7.651162147521973, 1.1736838817596436, 7.537195682525635, 1.1689894199371338], "lr": [0.0001, -1.0, 0.0001, -1.0, 0.0001, -1.0, 0.0001, -1.0, 0.0001, -1.0, 1e-05, -1.0, 1e-05, -1.0, 1e-05, -1.0, 1e-05, -1.0, 1e-05, -1.0], "acc": [0.16258333333333333, 0.2698, 0.39858333333333335, 0.39805, 0.40905, 0.41783333333333333, 0.42223333333333335, 0.4229833333333333, 0.42475, 0.42695], "er": [83.74166666666667, 73.02, 60.14166666666667, 60.195, 59.095, 58.21666666666667, 57.776666666666664, 57.701666666666675, 57.525000000000006, 57.30500000000001], "val_loss": [2.208565398107601, 2.151020753232739, 2.1025708627097215, 2.0576905389375324, 2.0148458118680157, 2.0096286882328083, 2.0051391562329064, 2.0015285135824468, 1.9965517837789994, 1.9930700969092454], "val_acc": [0.2205, 0.3708, 0.3876, 0.4107, 0.4197, 0.4274, 0.4308, 0.4284, 0.4329, 0.4329], "val_er": [77.95, 62.92, 61.24000000000001, 58.92999999999999, 58.03, 57.26, 56.919999999999995, 57.16, 56.709999999999994, 56.709999999999994]}