{"epoch": [0, 0, 1, 1, 2, 2, 3, 3, 4, 4, 5, 5, 6, 6, 7, 7, 8, 8, 9, 9], "loss": [2.229165645042208, 2.1543403744443395, 2.0998599198835493, 2.051111748731975, 2.007997386491121, 1.9856883295055137, 1.9818317582612353, 1.9782444724141917, 1.9743834464534769, 1.970850175123479], "sec": [7.65371036529541, 1.1496467590332031, 7.585562229156494, 1.1596641540527344, 7.745208740234375, 1.1603960990905762, 7.651029586791992, 1.1365540027618408, 7.595462799072266, 1.1355462074279785, 7.71685266494751, 1.1669261455535889, 7.680495262145996, 1.1346566677093506, 7.595817804336548, 1.159433126449585, 7.698597431182861, 1.2090730667114258, 7.716606616973877, 1.1629416942596436], "lr": [0.0001, -1.0, 0.0001, -1.0, 0.0001, -1.0, 0.0001, -1.0, 0.0001, -1.0, 1e-05, -1.0, 1e-05, -1.0, 1e-05, -1.0, 1e-05, -1.0, 1e-05, -1.0], "acc": [0.22338333333333332, 0.27565, 0.28105, 0.2917666666666667, 0.31005, 0.31785, 0.32033333333333336, 0.3214, 0.32111666666666666, 0.3226333333333333], "er": [77.66166666666668, 72.435, 71.895, 70.82333333333332, 68.995, 68.215, 67.96666666666667, 67.86, 67.88833333333332, 67.73666666666666], "val_loss": [2.1822241167478924, 2.1228929350647747, 2.071568301961392, 2.023337679573252, 1.981502742706975, 1.9772056492069099, 1.974110622949238, 1.9705244136762015, 1.966857296002062, 1.964347676385807], "val_acc": [0.2598, 0.2623, 0.2814, 0.3071, 0.3155, 0.3183, 0.316, 0.3181, 0.3162, 0.3179], "val_er": [74.02, 73.77, 71.86, 69.29, 68.45, 68.17, 68.39999999999999, 68.19, 68.38, 68.21]}