{"epoch": [0, 0, 1, 1, 2, 2, 3, 3, 4, 4, 5, 5, 6, 6, 7, 7, 8, 8, 9, 9], "loss": [2.0251114731912674, 1.7142147341770912, 1.5283792834800443, 1.4052395302095393, 1.3185114446225197, 1.2739077300659374, 1.2682990710110045, 1.2615611909040765, 1.2550538435165308, 1.2486933113923713], "sec": [7.833560466766357, 1.1945273876190186, 7.641888380050659, 1.1290388107299805, 7.700490951538086, 1.1855716705322266, 7.6686670780181885, 1.1384685039520264, 7.553142547607422, 1.1913070678710938, 7.658687114715576, 1.1207895278930664, 7.634745121002197, 1.124558448791504, 7.6973490715026855, 1.1455941200256348, 7.599642038345337, 1.1314961910247803, 7.6367027759552, 1.1528105735778809], "lr": [0.001, -1.0, 0.001, -1.0, 0.001, -1.0, 0.001, -1.0, 0.001, -1.0, 0.0001, -1.0, 0.0001, -1.0, 0.0001, -1.0, 0.0001, -1.0, 0.0001, -1.0], "acc": [0.3142333333333333, 0.4468, 0.50545, 0.5422666666666667, 0.5675666666666667, 0.5881833333333333, 0.5915333333333334, 0.5916166666666667, 0.59565, 0.5973833333333334], "er": [68.57666666666667, 55.32, 49.455000000000005, 45.77333333333333, 43.24333333333333, 41.18166666666667, 40.846666666666664, 40.83833333333333, 40.435, 40.26166666666666], "val_loss": [1.8287535694581043, 1.5947910607615603, 1.4352497375464137, 1.3325265766699104, 1.2547089978109431, 1.2450123059598706, 1.2365713640104365, 1.2315474258193486, 1.2268818299981612, 1.2194683846039107], "val_acc": [0.3902, 0.4807, 0.5462, 0.5534, 0.5874, 0.601, 0.603, 0.6097, 0.6039, 0.6102], "val_er": [60.980000000000004, 51.93, 45.379999999999995, 44.66, 41.26, 39.900000000000006, 39.7, 39.03, 39.61, 38.980000000000004]}