{"epoch": [0, 0, 1, 1, 2, 2, 3, 3, 4, 4, 5, 5, 6, 6, 7, 7, 8, 8, 9, 9], "loss": [2.2253527493873384, 2.1560024869467402, 2.098681777270872, 2.04621459095717, 1.9987880893861816, 1.974544066355935, 1.9706320930391485, 1.9662688291911632, 1.9622050198410619, 1.958322993982067], "sec": [7.721858501434326, 1.1593637466430664, 7.720988035202026, 1.1532750129699707, 7.670618534088135, 1.159466028213501, 7.683995962142944, 1.1749203205108643, 7.807007551193237, 1.1877057552337646, 7.711820840835571, 1.1313438415527344, 7.642953157424927, 1.1945254802703857, 7.764045238494873, 1.186213731765747, 7.656987428665161, 1.1190025806427002, 7.782965183258057, 1.124939203262329], "lr": [0.0001, -1.0, 0.0001, -1.0, 0.0001, -1.0, 0.0001, -1.0, 0.0001, -1.0, 1e-05, -1.0, 1e-05, -1.0, 1e-05, -1.0, 1e-05, -1.0, 1e-05, -1.0], "acc": [0.23406666666666667, 0.28313333333333335, 0.3035, 0.3207333333333333, 0.34565, 0.35028333333333334, 0.35536666666666666, 0.35681666666666667, 0.35963333333333336, 0.36288333333333334], "er": [76.59333333333333, 71.68666666666667, 69.65, 67.92666666666666, 65.435, 64.97166666666668, 64.46333333333334, 64.31833333333333, 64.03666666666666, 63.711666666666666], "val_loss": [2.1845470802693425, 2.123597060577779, 2.0671996406362028, 2.0158531982687453, 1.971605961835837, 1.9668871918811073, 1.9637498931039739, 1.958927125870427, 1.954401953310906, 1.9508341928071613], "val_acc": [0.2648, 0.2878, 0.3157, 0.3314, 0.3514, 0.3524, 0.3555, 0.3576, 0.3611, 0.365], "val_er": [73.52000000000001, 71.22, 68.43, 66.86000000000001, 64.86000000000001, 64.75999999999999, 64.45, 64.24000000000001, 63.89, 63.5]}