{"epoch": [0, 0, 1, 1, 2, 2, 3, 3, 4, 4, 5, 5, 6, 6, 7, 7, 8, 8, 9, 9], "loss": [1.646109184222435, 0.8802933784436061, 0.5583676954449367, 0.41540354471216834, 0.34416270881954797, 0.29155559389830144, 0.28469569053349975, 0.2795994697984602, 0.27524288846994005, 0.271171106172523], "sec": [7.849817276000977, 1.1227800846099854, 7.808653116226196, 1.1543552875518799, 7.880282402038574, 1.1910724639892578, 7.844662427902222, 1.1486589908599854, 7.8259336948394775, 1.1685574054718018, 7.846433639526367, 1.1502611637115479, 7.877500772476196, 1.1836278438568115, 7.817047357559204, 1.1327540874481201, 7.779718399047852, 1.2030255794525146, 7.8664093017578125, 1.1632318496704102], "lr": [0.001, -1.0, 0.001, -1.0, 0.001, -1.0, 0.001, -1.0, 0.001, -1.0, 0.0001, -1.0, 0.0001, -1.0, 0.0001, -1.0, 0.0001, -1.0, 0.0001, -1.0], "acc": [0.5418, 0.824, 0.8873166666666666, 0.90995, 0.92165, 0.93395, 0.9346166666666667, 0.9368, 0.93705, 0.9375333333333333], "er": [45.82000000000001, 17.600000000000005, 11.268333333333336, 9.004999999999995, 7.835000000000003, 6.605000000000006, 6.538333333333335, 6.320000000000004, 6.294999999999995, 6.246666666666667], "val_loss": [1.14718588168108, 0.7077755826183513, 0.45130929992168767, 0.3776376568063905, 0.2821620031248165, 0.25711357291740705, 0.25352130811425705, 0.24672118414051925, 0.24297988028088702, 0.2399622736663758], "val_acc": [0.7349, 0.8497, 0.9081, 0.9088, 0.9359, 0.9435, 0.9436, 0.9439, 0.9467, 0.946], "val_er": [26.51, 15.03, 9.189999999999998, 9.119999999999994, 6.410000000000005, 5.6499999999999995, 5.640000000000001, 5.610000000000004, 5.330000000000002, 5.400000000000005]}