{"epoch": [0, 0, 1, 1, 2, 2, 3, 3, 4, 4, 5, 5, 6, 6, 7, 7, 8, 8, 9, 9], "loss": [2.1856503013862985, 2.0890907885423347, 2.0696428231338957, 2.064525938745755, 2.0621651314469034, 2.062266188389711, 2.0615762314562605, 2.0615404684152177, 2.0613365229258913, 2.0611106203054823], "sec": [7.382989883422852, 1.0785868167877197, 7.113496541976929, 1.1046912670135498, 7.148920774459839, 1.097393274307251, 7.18177056312561, 1.0828008651733398, 7.135681629180908, 1.1143927574157715, 7.109947443008423, 1.1151602268218994, 7.142283916473389, 1.10382080078125, 7.166767835617065, 1.0985920429229736, 7.19830846786499, 1.0633468627929688, 7.110871315002441, 1.1139991283416748], "lr": [0.001, -1.0, 0.001, -1.0, 0.001, -1.0, 0.001, -1.0, 0.001, -1.0, 0.0001, -1.0, 0.0001, -1.0, 0.0001, -1.0, 0.0001, -1.0, 0.0001, -1.0], "acc": [0.1825, 0.21886666666666665, 0.22698333333333334, 0.22863333333333333, 0.22958333333333333, 0.22756666666666667, 0.22973333333333334, 0.23036666666666666, 0.22978333333333334, 0.22976666666666667], "er": [81.75, 78.11333333333333, 77.30166666666666, 77.13666666666667, 77.04166666666666, 77.24333333333333, 77.02666666666667, 76.96333333333334, 77.02166666666666, 77.02333333333333], "val_loss": [2.106932143621807, 2.0718430054338675, 2.06226091294349, 2.062688824496692, 2.0602698869343046, 2.0603821956658663, 2.0591274318815787, 2.0594260617147517, 2.0576304287850102, 2.058316903778269], "val_acc": [0.204, 0.2204, 0.2203, 0.2229, 0.223, 0.2224, 0.2225, 0.2216, 0.2212, 0.2204], "val_er": [79.60000000000001, 77.96, 77.97, 77.71000000000001, 77.7, 77.76, 77.75, 77.84, 77.88, 77.96]}