{"epoch": [0, 0, 1, 1, 2, 2, 3, 3, 4, 4, 5, 5, 6, 6, 7, 7, 8, 8, 9, 9], "loss": [1.9409064242580552, 1.533708930015564, 1.2263781719370437, 0.9820727536927408, 0.7981179134169621, 0.7136570769332365, 0.7004789136874396, 0.6875815544047081, 0.6748465982073152, 0.6612187008867895], "sec": [7.810760498046875, 1.175067663192749, 7.714282751083374, 1.1363284587860107, 7.775958061218262, 1.2052030563354492, 7.978991508483887, 1.2076339721679688, 7.733361005783081, 1.2041993141174316, 7.798908233642578, 1.1615242958068848, 7.842684507369995, 1.1737444400787354, 7.848855495452881, 1.1461341381072998, 7.718731880187988, 1.1895599365234375, 7.945082187652588, 1.2233195304870605], "lr": [0.0001, -1.0, 0.0001, -1.0, 0.0001, -1.0, 0.0001, -1.0, 0.0001, -1.0, 1e-05, -1.0, 1e-05, -1.0, 1e-05, -1.0, 1e-05, -1.0, 1e-05, -1.0], "acc": [0.42838333333333334, 0.76105, 0.8431333333333333, 0.8777166666666667, 0.8966166666666666, 0.9053166666666667, 0.9063833333333333, 0.9084, 0.90835, 0.9104833333333333], "er": [57.16166666666667, 23.895, 15.686666666666671, 12.22833333333333, 10.338333333333338, 9.468333333333334, 9.361666666666668, 9.160000000000002, 9.165000000000001, 8.951666666666668], "val_loss": [1.6826510942434962, 1.33687424659729, 1.0566213825080968, 0.8431333733510368, 0.6899503620364998, 0.6713091825382619, 0.6523610047901733, 0.6430123821844028, 0.6366482758069341, 0.6188124237181265], "val_acc": [0.692, 0.8397, 0.8768, 0.8976, 0.9144, 0.9173, 0.9198, 0.9216, 0.9193, 0.9231], "val_er": [30.800000000000004, 16.03, 12.319999999999997, 10.240000000000006, 8.56, 8.27, 8.020000000000005, 7.8400000000000025, 8.07, 7.689999999999997]}