{"epoch": [0, 0, 1, 1, 2, 2, 3, 3, 4, 4, 5, 5, 6, 6, 7, 7, 8, 8, 9, 9], "loss": [2.269801252686393, 2.224995040690213, 2.190328430773607, 2.155814156095102, 2.121706384077255, 2.1034309823375774, 2.100086285869704, 2.0969370763693282, 2.094321635232043, 2.0910355343239138], "sec": [7.457850933074951, 1.1288347244262695, 7.440021514892578, 1.14204740524292, 7.4381279945373535, 1.1138660907745361, 7.414722681045532, 1.1261465549468994, 7.566257476806641, 1.1094112396240234, 7.486115217208862, 1.1383793354034424, 7.496539831161499, 1.115135908126831, 7.538516521453857, 1.1456050872802734, 7.461662292480469, 1.221705436706543, 7.525163412094116, 1.137317419052124], "lr": [0.0001, -1.0, 0.0001, -1.0, 0.0001, -1.0, 0.0001, -1.0, 0.0001, -1.0, 1e-05, -1.0, 1e-05, -1.0, 1e-05, -1.0, 1e-05, -1.0, 1e-05, -1.0], "acc": [0.11886666666666666, 0.24626666666666666, 0.26876666666666665, 0.28776666666666667, 0.2944333333333333, 0.29956666666666665, 0.29968333333333336, 0.3007166666666667, 0.30005, 0.30186666666666667], "er": [88.11333333333333, 75.37333333333333, 73.12333333333333, 71.22333333333333, 70.55666666666667, 70.04333333333334, 70.03166666666667, 69.92833333333333, 69.995, 69.81333333333333], "val_loss": [2.242497392847568, 2.2067084734952904, 2.17215209369418, 2.136382754844955, 2.103171402894998, 2.099209731138205, 2.0960073863403705, 2.0930645254593863, 2.089567676375184, 2.0868645830999446], "val_acc": [0.2019, 0.2654, 0.2775, 0.2873, 0.2908, 0.2932, 0.2943, 0.2937, 0.2961, 0.2949], "val_er": [79.81, 73.46, 72.24999999999999, 71.27, 70.92, 70.67999999999999, 70.57, 70.63, 70.39, 70.51]}