{"epoch": [0, 0, 1, 1, 2, 2, 3, 3, 4, 4, 5, 5, 6, 6, 7, 7, 8, 8, 9, 9], "loss": [2.130640122682047, 2.0506351011902537, 2.003079680999967, 1.9405846148411603, 1.8737704377692899, 1.8352340205646018, 1.8288705814113495, 1.8230586537420115, 1.8166918795246052, 1.8115418882512335], "sec": [7.322274684906006, 1.1141984462738037, 7.265408039093018, 1.0957980155944824, 7.3288044929504395, 1.1288201808929443, 7.299981117248535, 1.1179487705230713, 7.307079315185547, 1.1462273597717285, 7.302614688873291, 1.1051690578460693, 7.235902309417725, 1.1334142684936523, 7.266977548599243, 1.1203081607818604, 7.302295923233032, 1.1276779174804688, 7.378324508666992, 1.1222774982452393], "lr": [0.001, -1.0, 0.001, -1.0, 0.001, -1.0, 0.001, -1.0, 0.001, -1.0, 0.0001, -1.0, 0.0001, -1.0, 0.0001, -1.0, 0.0001, -1.0, 0.0001, -1.0], "acc": [0.19925, 0.25025, 0.28173333333333334, 0.31178333333333336, 0.33285, 0.34708333333333335, 0.3499333333333333, 0.3519833333333333, 0.35201666666666664, 0.3562666666666667], "er": [80.075, 74.97500000000001, 71.82666666666665, 68.82166666666667, 66.715, 65.29166666666666, 65.00666666666667, 64.80166666666666, 64.79833333333333, 64.37333333333332], "val_loss": [2.068730312057688, 2.0256415288659593, 1.9739425559587116, 1.906693152234524, 1.8509926056560082, 1.8337306825420525, 1.826476804817779, 1.8204373453236833, 1.815240182454073, 1.8087663303447674], "val_acc": [0.2177, 0.2543, 0.2867, 0.3227, 0.3364, 0.346, 0.3537, 0.3537, 0.3533, 0.3571], "val_er": [78.23, 74.57000000000001, 71.33, 67.73, 66.36, 65.4, 64.63, 64.63, 64.67, 64.29]}